reviewer_id,reviewer_objection,required_evidence,failure_consequence
R01,"Why are nine dimensions necessary rather than four, seven, eight or another number?","Nested model competition, complexity penalty, ablation and sensitivity","Simplify architecture or narrow necessity claim"
R02,"Are additional dimensions merely increasing distinguishability mechanically?","Parsimony-adjusted comparison and ablation","Do not claim non-redundant value"
R03,"How does SCDA compare with genuine prior SCM frameworks rather than weak baselines?","Frozen comparator definitions and head-to-head coding","Novelty claim blocked"
R04,"Can independent coders reproduce the dimensions?","Stratified independent coding and reliability statistics","Revise, merge, demote or remove unreliable dimensions"
R05,"Does the result generalize beyond the development corpus?","Publication-level temporal and disciplinary holdouts","Restrict scope to observed corpus"
R06,"Do evidence maturity and context add information or just annotation?","Matched-case V and I falsification tests","Treat as annotations or remove from core"
R07,"Is the corpus systematic and reproducible?","Frozen retrieval registry, manifests, deduplication and screening flow","Field-wide claims blocked"
R08,"Are claimed gaps merely sparse cells?","Coverage diagnostics and conservative gap rules","Remove unsupported research-gap claims"
R09,"What does a manager gain from the architecture?","Decision-ambiguity diagnostics with non-causal claim boundary","Narrow managerial relevance"
R10,"Can every headline number be reproduced?","Artifact provenance graph and frozen commit","Remove or regenerate untraceable result"
R11,"Does each citation actually support its claim?","Claim provenance ledger with source locators and source-level review","Narrow/remove unsupported claim"
R12,"Do abstract and conclusion overstate qualified results?","Paper claim map and section-alignment audit","Rewrite stronger sections"
R13,"Is the review truly double blind?","Identity audit plus manual PDF/supplement inspection","Submission package blocked"
R14,"Are manuscript mechanics clean?","Reference/label/float/placeholder audits","Submission package blocked"
R15,"Could the preferred architecture change under reasonable analysis choices?","Frozen robustness grid and study-level bootstrap","Report instability and narrow claims"
