collision_tolerance,lambda,selected,K4_collision,KS7_collision,KSV8_collision,SCDA9_collision,K4_parsimony,KS7_parsimony,KSV8_parsimony,SCDA9_parsimony
0,0,SCDA9,0.5241935483870968,0.1935483870967742,0.1774193548387097,0.12903225806451613,0.47580645161290325,0.7098260740300282,0.7363423517169614,0.7898022892819979
0,0.01,SCDA9,0.5241935483870968,0.1935483870967742,0.1774193548387097,0.12903225806451613,0.43580645161290327,0.6398260740300281,0.6563423517169614,0.699802289281998
0,0.02,SCDA9,0.5241935483870968,0.1935483870967742,0.1774193548387097,0.12903225806451613,0.39580645161290323,0.5698260740300282,0.5763423517169614,0.6098022892819979
0,0.03,SCDA9,0.5241935483870968,0.1935483870967742,0.1774193548387097,0.12903225806451613,0.35580645161290325,0.4998260740300282,0.4963423517169614,0.5198022892819979
0,0.05,SCDA9,0.5241935483870968,0.1935483870967742,0.1774193548387097,0.12903225806451613,0.27580645161290324,0.35982607403002814,0.33634235171696136,0.3398022892819979
0.01,0,SCDA9,0.5241935483870968,0.1935483870967742,0.1774193548387097,0.12903225806451613,0.47580645161290325,0.7098260740300282,0.7363423517169614,0.7898022892819979
0.01,0.01,SCDA9,0.5241935483870968,0.1935483870967742,0.1774193548387097,0.12903225806451613,0.43580645161290327,0.6398260740300281,0.6563423517169614,0.699802289281998
0.01,0.02,SCDA9,0.5241935483870968,0.1935483870967742,0.1774193548387097,0.12903225806451613,0.39580645161290323,0.5698260740300282,0.5763423517169614,0.6098022892819979
0.01,0.03,SCDA9,0.5241935483870968,0.1935483870967742,0.1774193548387097,0.12903225806451613,0.35580645161290325,0.4998260740300282,0.4963423517169614,0.5198022892819979
0.01,0.05,SCDA9,0.5241935483870968,0.1935483870967742,0.1774193548387097,0.12903225806451613,0.27580645161290324,0.35982607403002814,0.33634235171696136,0.3398022892819979
0.02,0,SCDA9,0.5241935483870968,0.1935483870967742,0.1774193548387097,0.12903225806451613,0.47580645161290325,0.7098260740300282,0.7363423517169614,0.7898022892819979
0.02,0.01,SCDA9,0.5241935483870968,0.1935483870967742,0.1774193548387097,0.12903225806451613,0.43580645161290327,0.6398260740300281,0.6563423517169614,0.699802289281998
0.02,0.02,SCDA9,0.5241935483870968,0.1935483870967742,0.1774193548387097,0.12903225806451613,0.39580645161290323,0.5698260740300282,0.5763423517169614,0.6098022892819979
0.02,0.03,SCDA9,0.5241935483870968,0.1935483870967742,0.1774193548387097,0.12903225806451613,0.35580645161290325,0.4998260740300282,0.4963423517169614,0.5198022892819979
0.02,0.05,SCDA9,0.5241935483870968,0.1935483870967742,0.1774193548387097,0.12903225806451613,0.27580645161290324,0.35982607403002814,0.33634235171696136,0.3398022892819979
0.05,0,KSV8,0.5241935483870968,0.1935483870967742,0.1774193548387097,0.12903225806451613,0.47580645161290325,0.7098260740300282,0.7363423517169614,0.7898022892819979
0.05,0.01,KSV8,0.5241935483870968,0.1935483870967742,0.1774193548387097,0.12903225806451613,0.43580645161290327,0.6398260740300281,0.6563423517169614,0.699802289281998
0.05,0.02,KSV8,0.5241935483870968,0.1935483870967742,0.1774193548387097,0.12903225806451613,0.39580645161290323,0.5698260740300282,0.5763423517169614,0.6098022892819979
0.05,0.03,KSV8,0.5241935483870968,0.1935483870967742,0.1774193548387097,0.12903225806451613,0.35580645161290325,0.4998260740300282,0.4963423517169614,0.5198022892819979
0.05,0.05,KSV8,0.5241935483870968,0.1935483870967742,0.1774193548387097,0.12903225806451613,0.27580645161290324,0.35982607403002814,0.33634235171696136,0.3398022892819979
