removed,dimensions,coverage,collision_rate,distinct_signatures,signature_entropy,collision_increase,distinct_signature_loss,entropy_loss
decision_level,8,0.8951612903225806,0.1693548387096774,112,6.742384515979694,0.04032258064516128,3,0.05447489921099535
process,8,0.8951612903225806,0.23387096774193547,107,6.645610322431307,0.10483870967741934,8,0.15124909275938236
flow,8,0.8951612903225806,0.1935483870967742,111,6.732343286158431,0.06451612903225806,4,0.06451612903225801
objective,8,0.8951612903225806,0.1693548387096774,112,6.742384515979694,0.04032258064516128,3,0.05447489921099535
theory,8,1.0,0.1532258064516129,113,6.758513548237758,0.02419354838709678,2,0.038345866952931296
method,8,0.8951612903225806,0.12903225806451613,115,6.796859415190689,0.0,0,0.0
technology,8,0.8951612903225806,0.1532258064516129,113,6.758513548237758,0.02419354838709678,2,0.038345866952931296
evidence_maturity,8,0.8951612903225806,0.14516129032258066,113,6.752425745800956,0.01612903225806453,2,0.04443366938973359
context,8,0.8951612903225806,0.1774193548387097,110,6.6770630202530015,0.04838709677419356,5,0.1197963949376879
