record_id,decision,exclusion_reason,study_type,source,status
SCDA-8964580D24727738,include,,review,10.1016/j.ijpe.2021.108250,resolved
SCDA-C5B305D1D51013C3,include,,primary,10.1007/s10479-021-03956-x,resolved
SCDA-3933E04493F132B8,exclude,E02,other,10.1007/s10586-021-03424-y,resolved
SCDA-EF14552B7A6036B9,include,,primary,10.1007/s12063-021-00200-4,resolved
SCDA-C0B4006FF5876B4F,include,,review,10.1016/j.tre.2021.102271,resolved
SCDA-514DB7B9FDF3530A,include,,primary,10.1057/s41278-020-00180-5,resolved
SCDA-C58061712B27E44D,exclude,E02,other,10.1016/j.addr.2021.05.015,resolved
SCDA-A38D74D3EBD5C4AA,exclude,E02,other,10.1038/s41591-021-01381-y,resolved
SCDA-15CDEA73A4293F66,exclude,E02,other,10.1057/s41267-021-00445-y,resolved
SCDA-87BA79C25150A96F,include,,primary,10.1007/s11356-021-16972-y,resolved
SCDA-A88B33B8DA675E58,include,,review,10.1007/s12063-021-00208-w,resolved
SCDA-24BEB0E04EA9B62F,exclude,E04,other,10.1007/978-3-030-89743-7,resolved
SCDA-89BCA14D75044640,include,,primary,10.1016/j.tre.2021.102279,resolved
SCDA-971CFA325BDDD0B7,include,,primary,10.1007/s13520-021-00137-8,resolved
SCDA-9E794C32ABF3DAD7,include,,review,10.1007/s10479-020-03912-1,resolved
SCDA-AF703A43607FC976,include,,primary,10.1016/j.spc.2021.10.012,resolved
SCDA-4E86C960A52AD39A,include,,review,10.1016/j.resconrec.2021.105421,resolved
SCDA-E41C21D3A076EAD5,include,,review,10.1016/j.ijpe.2021.108279,resolved
SCDA-CBBBCF45B589ED26,exclude,E02,other,10.1016/j.addr.2021.114098,resolved
SCDA-0DE4A9A85FCACD1F,exclude,E02,other,10.1016/j.autcon.2022.104192,resolved
