record_id,decision,exclusion_reason,study_type,reviewer,confidence,adjudication_required
SCDA-E1516FCC191DC8A9,exclude,E04,other,Reviewer A (AI-assisted),high,no
SCDA-A9C2791787D59DA7,include,,primary,Reviewer A (AI-assisted),high,no
SCDA-34472BFA6F495545,include,,primary,Reviewer A (AI-assisted),high,no
SCDA-4E07885F233F8079,include,,primary,Reviewer A (AI-assisted),high,no
SCDA-0FFBA7086C9C3FBD,include,,primary,Reviewer A (AI-assisted),high,no
SCDA-D06211879EB2A7A1,include,,primary,Reviewer A (AI-assisted),high,no
SCDA-905A4787A9B70A04,include,,primary,Reviewer A (AI-assisted),high,no
SCDA-F8D3F38F2B78AA01,exclude,E04,other,Reviewer A (AI-assisted),high,no
SCDA-948FC629F1614CE0,exclude,E04,other,Reviewer A (AI-assisted),high,no
SCDA-D68A21C52181B5D4,include,,primary,Reviewer A (AI-assisted),high,no
SCDA-C435347EC4434316,include,,primary,Reviewer A (AI-assisted),high,no
SCDA-9B53C0DDA5E38B0C,include,,primary,Reviewer A (AI-assisted),high,no
SCDA-6DE86D85A995383D,uncertain,,,Reviewer A (AI-assisted),low,yes
SCDA-CEA447F444343728,include,,primary,Reviewer A (AI-assisted),high,no
SCDA-D17F51213A1DAD5C,include,,primary,Reviewer A (AI-assisted),high,no
SCDA-7898E5F5056F9EC2,include,,primary,Reviewer A (AI-assisted),high,no
SCDA-7889249866B54DC2,include,,primary,Reviewer A (AI-assisted),high,no
SCDA-2232BC28F67A49EA,include,,review,Reviewer A (AI-assisted),high,no
SCDA-5D3CADC5D6E82115,include,,primary,Reviewer A (AI-assisted),high,no
SCDA-50AA9ACEF61C86DD,include,,primary,Reviewer A (AI-assisted),high,no
SCDA-0FBB26284C6EE6A4,uncertain,,,Reviewer A (AI-assisted),low,yes
SCDA-2922321021576FE5,include,,primary,Reviewer A (AI-assisted),high,no
SCDA-33E89B8C9B87A6B8,include,,primary,Reviewer A (AI-assisted),high,no
SCDA-82A085767F7BA70C,exclude,E04,other,Reviewer A (AI-assisted),high,no
SCDA-4A8C0262D1138A18,include,,primary,Reviewer A (AI-assisted),high,no
SCDA-A0BB2CA27E6EB57E,include,,primary,Reviewer A (AI-assisted),high,no
SCDA-FA7129D458C280B8,include,,primary,Reviewer A (AI-assisted),high,no
SCDA-096845C47656A66A,include,,primary,Reviewer A (AI-assisted),high,no
SCDA-51C2B689C39FDF07,uncertain,,,Reviewer A (AI-assisted),low,yes
SCDA-E862C782DD356566,include,,review,Reviewer A (AI-assisted),high,no
SCDA-4E3B9E7252C23C15,include,,primary,Reviewer A (AI-assisted),high,no
SCDA-ED89568A4B1A8039,uncertain,,,Reviewer A (AI-assisted),low,yes
SCDA-8609B7320FD963F7,include,,primary,Reviewer A (AI-assisted),high,no
SCDA-0F44EF537B9272D6,include,,primary,Reviewer A (AI-assisted),medium,no
SCDA-AAE0811B51F5BDCB,uncertain,,,Reviewer A (AI-assisted),low,yes
SCDA-F256D53DC392F90F,include,,primary,Reviewer A (AI-assisted),high,no
SCDA-0060B238142D0C73,exclude,E04,other,Reviewer A (AI-assisted),high,no
SCDA-8466B89CB8CB186E,exclude,E04,other,Reviewer A (AI-assisted),high,no
SCDA-2FBC776357E1D781,include,,primary,Reviewer A (AI-assisted),high,no
SCDA-BA5B8D6B0FDDFB3A,include,,primary,Reviewer A (AI-assisted),high,no
SCDA-2F0479AFA9CA560C,uncertain,,,Reviewer A (AI-assisted),low,yes
SCDA-F31F8EC901865F8C,exclude,E04,other,Reviewer A (AI-assisted),high,no
SCDA-00F171726A559155,include,,primary,Reviewer A (AI-assisted),high,no
SCDA-6A05AAB6735C1122,include,,primary,Reviewer A (AI-assisted),high,no
SCDA-8C50E0F974349254,exclude,E04,other,Reviewer A (AI-assisted),high,no
SCDA-91C2009370039C9D,include,,review,Reviewer A (AI-assisted),medium,no
SCDA-1843196E766673B0,include,,primary,Reviewer A (AI-assisted),high,no
SCDA-DDE5BA5C77A0A123,uncertain,,,Reviewer A (AI-assisted),low,yes
SCDA-39E11CF2CCE0E648,uncertain,,,Reviewer A (AI-assisted),low,yes
SCDA-3869C010B6BFE150,include,,primary,Reviewer A (AI-assisted),high,no
SCDA-022B3D0780AAD041,include,,primary,Reviewer A (AI-assisted),high,no
SCDA-8B677F8202FBB317,uncertain,,,Reviewer A (AI-assisted),low,yes
SCDA-C8D9FD7A081F92E8,include,,review,Reviewer A (AI-assisted),medium,no
SCDA-2F4A87EA432BCE53,uncertain,,,Reviewer A (AI-assisted),low,yes
SCDA-95D9AA3C817810CA,include,,primary,Reviewer A (AI-assisted),high,no
SCDA-687E64C6486CE77A,include,,primary,Reviewer A (AI-assisted),high,no
SCDA-30463A297F677687,include,,primary,Reviewer A (AI-assisted),high,no
SCDA-1E3FA61B87796836,include,,review,Reviewer A (AI-assisted),high,no
SCDA-2E8910515FE4627A,uncertain,,,Reviewer A (AI-assisted),low,yes
SCDA-ADC7B08FF48C4835,include,,primary,Reviewer A (AI-assisted),high,no
SCDA-BA73962C0784A60D,uncertain,,,Reviewer A (AI-assisted),low,yes
SCDA-66C48FAE0E10EA69,include,,primary,Reviewer A (AI-assisted),high,no
SCDA-E613F5786DAE77EE,include,,primary,Reviewer A (AI-assisted),high,no
SCDA-71CF6243F193B770,include,,primary,Reviewer A (AI-assisted),high,no
SCDA-75F08FDDE2F0B5B8,uncertain,,,Reviewer A (AI-assisted),low,yes
SCDA-285D3AEE7307F1F4,exclude,E04,other,Reviewer A (AI-assisted),high,no
SCDA-E9221F3B0770C50D,include,,primary,Reviewer A (AI-assisted),high,no
SCDA-36B0D74D7BB4549E,include,,review,Reviewer A (AI-assisted),high,no
SCDA-28716D0984502AB0,exclude,E04,other,Reviewer A (AI-assisted),high,no
SCDA-C32174361BF0F084,include,,primary,Reviewer A (AI-assisted),high,no
SCDA-3DCC895389C820DC,include,,review,Reviewer A (AI-assisted),medium,no
SCDA-0391AABBAF439B86,include,,primary,Reviewer A (AI-assisted),high,no
SCDA-34A5FEA61002F29B,include,,primary,Reviewer A (AI-assisted),medium,no
SCDA-839582564121D38B,include,,primary,Reviewer A (AI-assisted),high,no
SCDA-D318B7D5221DFAA5,uncertain,,,Reviewer A (AI-assisted),low,yes
SCDA-6278BB7DE52586ED,include,,review,Reviewer A (AI-assisted),medium,no
SCDA-D0C596D502603E3C,include,,review,Reviewer A (AI-assisted),medium,no
SCDA-738DF52F7D2FD1AD,include,,primary,Reviewer A (AI-assisted),high,no
SCDA-20603419C17205AD,include,,primary,Reviewer A (AI-assisted),high,no
SCDA-5E6599C35F3378F3,uncertain,,,Reviewer A (AI-assisted),low,yes
SCDA-F32071A4BB7206D8,include,,review,Reviewer A (AI-assisted),high,no
SCDA-126A7085F6072040,uncertain,,,Reviewer A (AI-assisted),low,yes
SCDA-FE75C18D2E36F439,exclude,E04,other,Reviewer A (AI-assisted),high,no
SCDA-697A697D1B0FFEAD,include,,review,Reviewer A (AI-assisted),high,no
SCDA-7A4838ADFC516866,include,,primary,Reviewer A (AI-assisted),high,no
SCDA-ACE29AD87EED0ABF,include,,review,Reviewer A (AI-assisted),high,no
SCDA-CAD6C0B8C91438EA,include,,primary,Reviewer A (AI-assisted),high,no
SCDA-28977CC439CB7145,include,,review,Reviewer A (AI-assisted),high,no
SCDA-8891E87927797B9A,uncertain,,,Reviewer A (AI-assisted),low,yes
SCDA-07DA548C62739EE6,uncertain,,,Reviewer A (AI-assisted),low,yes
