record_id,source_status,source_type,source_identifier,source_location,bibliographic_verified,full_text_status,eligibility_decision,exclusion_reason,study_type,reviewer,confidence,adjudication_required,evidence_note
SCDA-C8C76DA19B14C629,verified,doi_or_scholarly_record,10.1109/access.2020.3009328,Frozen Stage-1 metadata title/abstract and bibliographic record,yes,abstract_only,exclude,E02,,Reviewer A (AI-assisted),high,no,Adjacent-domain record; title/abstract does not establish substantive SCM decision or phenomenon.
SCDA-36320CEB8B00DD67,verified,doi_or_scholarly_record,10.1016/j.ijpe.2013.08.018,Frozen Stage-1 metadata title/abstract and bibliographic record,yes,metadata_only,include,,primary,Reviewer A (AI-assisted),high,no,Substantive SCM scope supported by frozen title/abstract metadata; routed as primary.
SCDA-7D04FA3447947F6C,verified,doi_or_scholarly_record,10.1590/0104-530x3800-20,Frozen Stage-1 metadata title/abstract and bibliographic record,yes,abstract_only,include,,primary,Reviewer A (AI-assisted),high,no,Substantive SCM scope supported by frozen title/abstract metadata; routed as primary.
SCDA-0E7A9BD277EC4398,verified,doi_or_scholarly_record,10.1016/j.compag.2020.105942,Frozen Stage-1 metadata title/abstract and bibliographic record,yes,abstract_only,exclude,E02,,Reviewer A (AI-assisted),high,no,Adjacent-domain record; title/abstract does not establish substantive SCM decision or phenomenon.
SCDA-FA238030F2DB62A1,verified,doi_or_scholarly_record,10.1007/s10479-023-05242-4,Frozen Stage-1 metadata title/abstract and bibliographic record,yes,abstract_only,include,,primary,Reviewer A (AI-assisted),high,no,Substantive SCM scope supported by frozen title/abstract metadata; routed as primary.
SCDA-F85C22AF6E22B6EC,verified,doi_or_scholarly_record,10.3390/biomedinformatics3030039,Frozen Stage-1 metadata title/abstract and bibliographic record,yes,abstract_only,exclude,E02,,Reviewer A (AI-assisted),high,no,Adjacent-domain record; title/abstract does not establish substantive SCM decision or phenomenon.
SCDA-A5080E9F1E1787BC,verified,doi_or_scholarly_record,10.24136/oc.3183,Frozen Stage-1 metadata title/abstract and bibliographic record,yes,abstract_only,exclude,E02,,Reviewer A (AI-assisted),high,no,Adjacent-domain record; title/abstract does not establish substantive SCM decision or phenomenon.
SCDA-096845C47656A66A,verified,doi_or_scholarly_record,,Frozen Stage-1 metadata title/abstract and bibliographic record,yes,abstract_only,include,,primary,Reviewer A (AI-assisted),high,no,Substantive SCM scope supported by frozen title/abstract metadata; routed as primary.
SCDA-9574E05F2C5709C6,verified,doi_or_scholarly_record,10.3390/fi14020064,Frozen Stage-1 metadata title/abstract and bibliographic record,yes,abstract_only,exclude,E02,,Reviewer A (AI-assisted),high,no,Adjacent-domain record; title/abstract does not establish substantive SCM decision or phenomenon.
SCDA-0F44EF537B9272D6,verified,doi_or_scholarly_record,10.1108/13598549910284480,Frozen Stage-1 metadata title/abstract and bibliographic record,yes,abstract_only,include,,primary,Reviewer A (AI-assisted),high,no,Substantive SCM scope supported by frozen title/abstract metadata; routed as primary.
SCDA-DDC3B186CE25B9DB,verified,doi_or_scholarly_record,10.1109/access.2020.2970143,Frozen Stage-1 metadata title/abstract and bibliographic record,yes,abstract_only,exclude,E02,,Reviewer A (AI-assisted),high,no,Adjacent-domain record; title/abstract does not establish substantive SCM decision or phenomenon.
SCDA-11EE41E13F8FCC27,verified,doi_or_scholarly_record,10.3390/s25010213,Frozen Stage-1 metadata title/abstract and bibliographic record,yes,abstract_only,exclude,E02,,Reviewer A (AI-assisted),high,no,Adjacent-domain record; title/abstract does not establish substantive SCM decision or phenomenon.
SCDA-6DE86D85A995383D,verified,doi_or_scholarly_record,10.1016/0377-2217(96)00098-7,Frozen Stage-1 metadata title/abstract and bibliographic record,yes,metadata_only,include,,primary,Reviewer A (AI-assisted),high,no,Substantive SCM scope supported by frozen title/abstract metadata; routed as primary.
SCDA-ED89568A4B1A8039,verified,doi_or_scholarly_record,10.1016/s0925-5273(98)00223-0,Frozen Stage-1 metadata title/abstract and bibliographic record,yes,metadata_only,include,,primary,Reviewer A (AI-assisted),high,no,Substantive SCM scope supported by frozen title/abstract metadata; routed as primary.
SCDA-AC0C7F6E8E42A126,verified,doi_or_scholarly_record,10.3390/pr8111431,Frozen Stage-1 metadata title/abstract and bibliographic record,yes,abstract_only,include,,primary,Reviewer A (AI-assisted),high,no,Substantive SCM scope supported by frozen title/abstract metadata; routed as primary.
SCDA-5B4C14AFEEDE46ED,verified,doi_or_scholarly_record,10.1287/opre.1080.0628,Frozen Stage-1 metadata title/abstract and bibliographic record,yes,abstract_only,include,,primary,Reviewer A (AI-assisted),high,no,Substantive SCM scope supported by frozen title/abstract metadata; routed as primary.
SCDA-28977CC439CB7145,verified,doi_or_scholarly_record,10.1080/00207540310001602865,Frozen Stage-1 metadata title/abstract and bibliographic record,yes,abstract_only,include,,review,Reviewer A (AI-assisted),high,no,Substantive SCM scope supported by frozen title/abstract metadata; routed as review.
SCDA-578DB794283BB804,verified,doi_or_scholarly_record,10.3390/jrfm13080173,Frozen Stage-1 metadata title/abstract and bibliographic record,yes,abstract_only,include,,primary,Reviewer A (AI-assisted),high,no,Substantive SCM scope supported by frozen title/abstract metadata; routed as primary.
SCDA-CCA151FE44985ADE,verified,doi_or_scholarly_record,10.1109/access.2022.3156062,Frozen Stage-1 metadata title/abstract and bibliographic record,yes,abstract_only,exclude,E02,,Reviewer A (AI-assisted),high,no,Adjacent-domain record; title/abstract does not establish substantive SCM decision or phenomenon.
SCDA-6DFDF9A0799A34BB,verified,doi_or_scholarly_record,10.1109/access.2022.3140595,Frozen Stage-1 metadata title/abstract and bibliographic record,yes,abstract_only,exclude,E02,,Reviewer A (AI-assisted),high,no,Adjacent-domain record; title/abstract does not establish substantive SCM decision or phenomenon.
SCDA-B68AFCAC8A6AC540,verified,doi_or_scholarly_record,10.1016/j.omega.2015.05.015,Frozen Stage-1 metadata title/abstract and bibliographic record,yes,metadata_only,include,,primary,Reviewer A (AI-assisted),high,no,Substantive SCM scope supported by frozen title/abstract metadata; routed as primary.
SCDA-0391AABBAF439B86,verified,doi_or_scholarly_record,10.1108/09574090210806333,Frozen Stage-1 metadata title/abstract and bibliographic record,yes,abstract_only,include,,primary,Reviewer A (AI-assisted),high,no,Substantive SCM scope supported by frozen title/abstract metadata; routed as primary.
SCDA-BE70927691F22E94,verified,doi_or_scholarly_record,10.3390/app13042156,Frozen Stage-1 metadata title/abstract and bibliographic record,yes,abstract_only,exclude,E02,,Reviewer A (AI-assisted),high,no,Adjacent-domain record; title/abstract does not establish substantive SCM decision or phenomenon.
SCDA-143A1A742423A121,verified,doi_or_scholarly_record,10.1111/joes.12611,Frozen Stage-1 metadata title/abstract and bibliographic record,yes,abstract_only,exclude,E02,,Reviewer A (AI-assisted),high,no,Adjacent-domain record; title/abstract does not establish substantive SCM decision or phenomenon.
SCDA-4482E8F10B518812,verified,doi_or_scholarly_record,10.1016/j.cie.2023.109055,Frozen Stage-1 metadata title/abstract and bibliographic record,yes,metadata_only,include,,primary,Reviewer A (AI-assisted),high,no,Substantive SCM scope supported by frozen title/abstract metadata; routed as primary.