record_id,batch_id,eligibility_decision,exclusion_reason
SCDA-7ECBED973A5A0FE7,B13,include,
SCDA-5E5E58DD68C8BE5F,B13,include,
SCDA-4A8C0262D1138A18,B13,include,
SCDA-F32864AAFE1E239E,B13,include,
SCDA-B85DC0AC5848A46B,B13,include,
SCDA-DF971B33FBF18042,B13,include,
SCDA-095E806A1498C7C4,B13,include,
SCDA-9F6BDE7DB2EF5234,B13,include,
SCDA-BF590F3E052D94B2,B13,exclude,E02
SCDA-195B7634BAA4FCD9,B13,include,
SCDA-518568968EA1C7BE,B13,include,
SCDA-02DC4DA6D3811436,B13,exclude,E02
SCDA-1843196E766673B0,B13,include,
SCDA-1B205106AA7EC5A3,B13,include,
SCDA-8964580D24727738,B13,include,
SCDA-9B53CF6B2D8A54EC,B13,include,
SCDA-D7F5DB4E243B075B,B13,include,
SCDA-E41C21D3A076EAD5,B13,include,
SCDA-380EA34FFEC6CD75,B13,include,
SCDA-971CFA325BDDD0B7,B13,include,
SCDA-C542D85504447F81,B13,include,
SCDA-E1A2662DFD72D9D1,B13,exclude,E02
SCDA-C0B4006FF5876B4F,B13,include,
SCDA-3F9E0BD81EEA69BB,B13,include,
SCDA-B6B85049620795E5,B13,include,
SCDA-4C621C751D468890,B14,include,
SCDA-351B14801F045F44,B14,include,
SCDA-1ADB8DC751AA397F,B14,include,
SCDA-F869C31F54941881,B14,exclude,E02
SCDA-EC4B4AE1B57074D5,B14,include,
SCDA-6293CE67BEB00374,B14,include,
SCDA-11EF78DF201F0A17,B14,exclude,E02
SCDA-E180FD6120CB2B29,B14,include,
SCDA-2BDA05A568F5FA46,B14,include,
SCDA-7A9BB2E8FBB3C588,B14,include,
SCDA-138280E3CEAD75B9,B14,include,
SCDA-9446C88D4DAB5B7D,B14,exclude,E02
SCDA-7D64C3EAA4863C2C,B14,include,
SCDA-0AF3640C5D78F9F9,B14,include,
SCDA-03605658CB7FF82A,B14,include,
SCDA-614D800C386F0717,B14,exclude,E02
SCDA-A700D48A9C1BD0AB,B14,include,
SCDA-BC81D3CBF7AC9E98,B14,include,
SCDA-52D41F86A63D9BCA,B14,include,
SCDA-A6A7CDCF5C59C1EC,B14,include,
SCDA-D3887130A257AFBF,B14,include,
SCDA-259F49DC9200E32B,B14,include,
SCDA-421BE88A58309D7F,B14,include,
SCDA-FD2218EC505A4574,B14,include,
SCDA-89BCA14D75044640,B14,include,
SCDA-F87C1A654E1EC32F,B15,include,
SCDA-98F69A3D59295221,B15,include,
SCDA-8C3B0F4CB7BF42E7,B15,include,
SCDA-2B58B2CB5B4FDD2A,B15,include,
SCDA-65AF0746FD99711E,B15,exclude,E02
SCDA-2B4C9849C9548A44,B15,exclude,E02
SCDA-461A3129AE483A98,B15,exclude,E02
SCDA-9C452CE0B53244C7,B15,include,
SCDA-52E8F206F95AFD40,B15,exclude,E02
SCDA-AED7AE8C14C77935,B15,include,
SCDA-7DB16090DBD9DBC4,B15,include,
SCDA-070C2D874351A2F1,B15,include,
SCDA-8CEE51F63980363A,B15,include,
SCDA-9E47BF7CFA16076C,B15,include,
SCDA-2BBDF23D32C426F3,B15,exclude,E02
SCDA-0EF801522BCB1F13,B15,exclude,E02
SCDA-E08DCDED96CC072A,B15,include,
SCDA-2D73C508E70F3875,B15,exclude,E02
SCDA-C435347EC4434316,B15,include,
SCDA-951E1199289CBCC6,B15,include,
SCDA-8F840F5736968938,B15,include,
SCDA-515030B7906AFB0E,B15,include,
SCDA-14CAD6D0AD17E1F8,B15,include,
SCDA-8B1254C547E4FA40,B15,exclude,E02
SCDA-E9B0DB83A8FC3405,B15,exclude,E02
SCDA-77D85E0DBAE1E9DD,B16,exclude,E02
SCDA-016DEC966C661713,B16,include,
SCDA-2F4A87EA432BCE53,B16,include,
SCDA-D59EE7839F765F6A,B16,include,
SCDA-442F746D60BA9301,B16,exclude,E02
SCDA-10C9E087970B4CF9,B16,include,
SCDA-1165FC23DD50EA27,B16,exclude,E02
SCDA-6C68DE93987D76B9,B16,include,
SCDA-557DB602CB95E6A7,B16,exclude,E02
SCDA-697A697D1B0FFEAD,B16,include,
SCDA-9BD2D149C54F4C49,B16,include,
SCDA-80E35A5063C1CE2F,B16,include,
SCDA-EBA082C431052656,B16,include,
SCDA-89804E12B82902EF,B16,include,
SCDA-AC0D358AE22F2D6F,B16,include,
SCDA-6B091BCFC53A6D59,B16,include,
SCDA-45E064CE9B744014,B16,include,
SCDA-F183554C03EB6F19,B16,include,
SCDA-DC15ACB0834082A3,B16,include,
SCDA-162AA9E3CF0204B4,B16,exclude,E02
SCDA-2A8A1959CCD4AB2F,B16,include,
SCDA-0687501B4AFD67C0,B16,include,
SCDA-DD02E3D3EAF3CDFA,B16,include,
SCDA-1C293D1067AF8AC4,B16,include,
SCDA-857F84225ABBFA86,B16,include,
