claim_id,study_id,record_id,claim_text,claim_location,source_support,source_identifier,coder,decision_level,process,flow,objective,theory,method,technology,evidence_maturity,context,confidence,notes
C0001,SCDA-2D88D43AA4596F0B,SCDA-2D88D43AA4596F0B,"Best-value supply chains pursue integrated cost, quality, speed, and flexibility priorities and use SCM strategically for competitive advantage.",Abstract; Best value and traditional supply chains,Publisher full text,10.1016/j.jom.2006.05.010,Coder B,,,,,,,,,,,
C0007,SCDA-7A4838ADFC516866,SCDA-7A4838ADFC516866,Public announcements of supply-chain glitches involving production or shipment delays are associated with a 10.28% abnormal decrease in shareholder value.,Abstract,Publisher full text,10.1016/j.jom.2003.02.003,Coder B,,,,,,,,,,,
C0008,SCDA-E3788130A0D273F9,SCDA-E3788130A0D273F9,Intertwined supply-network viability extends resilience analysis toward survivability at a system-wide scale and defines a novel decision-making environment.,Abstract,Publisher full text,10.1080/00207543.2020.1750727,Coder B,,,,,,,,,,,
C0014,SCDA-33E89B8C9B87A6B8,SCDA-33E89B8C9B87A6B8,Integrated supply-chain management aligns sourcing decisions with manufacturing goals to improve responsiveness to customer needs.,Abstract,Publisher full text,10.1111/j.1540-5915.1998.tb01355.x,Coder B,,,,,,,,,,,
C0045,SCDA-02843BA913BE5140,SCDA-02843BA913BE5140,Big-data analytics capabilities improve supply-chain performance through the mediating roles of supply-chain resilience and supply-chain innovation.,Abstract,Authoritative abstract,10.1108/MSCRA-11-2021-0021,Coder B,,,,,,,,,,,
C0046,SCDA-A283343262602A61,SCDA-A283343262602A61,Relatively low levels of operational flexibility can provide significant strategic value for mitigating supply-chain risks across stylized risk models.,Abstract,Authoritative publisher abstract,10.1016/j.ijpe.2008.07.008,Coder B,,,,,,,,,,,
C0048,SCDA-5C4AFFB5CC3D2A44,SCDA-5C4AFFB5CC3D2A44,Toyota's recovery from the Tohoku semiconductor disruption illustrates how supply-chain coordination mechanisms and disruption-management actions shape recovery time.,Abstract,Authoritative publisher abstract,10.1016/j.ijpe.2014.07.010,Coder B,,,,,,,,,,,
C0054,SCDA-6278BB7DE52586ED,SCDA-6278BB7DE52586ED,"Supply-chain performance measurement should connect metrics to strategic, tactical and operational planning, objective setting, performance evaluation and future action.",Abstract,Authoritative publisher abstract,10.1016/j.ijpe.2003.08.003,Coder B,,,,,,,,,,,
C0056,SCDA-2B8627A85745EEE0,SCDA-2B8627A85745EEE0,"Coordinating internal and external green supply-chain practices produces mediation effects on environmental, economic and operational performance in Chinese manufacturing enterprises.",Abstract,Authoritative publisher abstract,10.1080/00207543.2011.571937,Coder B,,,,,,,,,,,
C0059,SCDA-45E25F94BD319D48,SCDA-45E25F94BD319D48,Strategic supplier relationships can contribute to competitive advantage through interorganizational learning and knowledge-development mechanisms.,Abstract,Authoritative bibliographic abstract,10.1002/smj.627,Coder B,,,,,,,,,,,
C0060,SCDA-CA7F89285341F05B,SCDA-CA7F89285341F05B,"Supply-chain disruption risk can be managed through mitigation actions taken before disruption and contingency actions taken after disruption, with their relative value depending on disruption characteristics.",Abstract,Authoritative bibliographic abstract,10.1287/mnsc.1060.0515,Coder B,,,,,,,,,,,
C0061,SCDA-6A1CDD1AB7669425,SCDA-6A1CDD1AB7669425,Supply-chain management practice can be represented and empirically validated through multiple practice dimensions whose implementation relates to competitive advantage and organizational performance.,Abstract,Authoritative bibliographic abstract,10.1016/j.jom.2005.01.002,Coder B,,,,,,,,,,,
