record_id,final_production_disposition,claim_count,source_basis,reason
SCDA-6A05AAB6735C1122,claim_bearing,1,abstract_only,At least one source-supported focal claim admitted to frozen Reviewer-A corpus.
SCDA-2D88D43AA4596F0B,claim_bearing,1,full_text,At least one source-supported focal claim admitted to frozen Reviewer-A corpus.
SCDA-1820CAFC035DE6C0,claim_bearing,1,abstract_only,At least one source-supported focal claim admitted to frozen Reviewer-A corpus.
SCDA-8F6A8B45AFF680B0,claim_bearing,1,abstract_only,At least one source-supported focal claim admitted to frozen Reviewer-A corpus.
SCDA-D3D7FD60F72811E5,review_framework_reclassified,0,full_text,Pre-reliability adjudication reclassified record as conceptual/review/framework evidence; excluded from primary architecture observations.
SCDA-0C8CFE7856BA08C5,claim_bearing,1,full_text,At least one source-supported focal claim admitted to frozen Reviewer-A corpus.
SCDA-4E5F1DA06096F898,claim_bearing,1,abstract_only,At least one source-supported focal claim admitted to frozen Reviewer-A corpus.
SCDA-CD3D5CD4045932C5,claim_bearing,1,abstract_only,At least one source-supported focal claim admitted to frozen Reviewer-A corpus.
SCDA-EF0F46D643950617,review_framework_reclassified,0,abstract_only,Pre-reliability adjudication reclassified record as conceptual/review/framework evidence; excluded from primary architecture observations.
SCDA-185EE6C128CF17AC,claim_bearing,1,full_text,At least one source-supported focal claim admitted to frozen Reviewer-A corpus.
SCDA-E8668AF02ACCEDFE,claim_bearing,1,abstract_only,At least one source-supported focal claim admitted to frozen Reviewer-A corpus.
SCDA-CEA447F444343728,claim_bearing,1,abstract_only,At least one source-supported focal claim admitted to frozen Reviewer-A corpus.
SCDA-ED778AEC0A4928F1,review_framework_reclassified,0,full_text,Pre-reliability adjudication reclassified record as conceptual/review/framework evidence; excluded from primary architecture observations.
SCDA-B5C2D3A0DB356E0D,claim_bearing,1,abstract_only,At least one source-supported focal claim admitted to frozen Reviewer-A corpus.
SCDA-F036A295A3266013,claim_bearing,2,full_text,At least one source-supported focal claim admitted to frozen Reviewer-A corpus.
SCDA-2FBC776357E1D781,claim_bearing,1,abstract_only,At least one source-supported focal claim admitted to frozen Reviewer-A corpus.
SCDA-2E6D0EAA736D7835,review_framework_reclassified,0,abstract_only,Pre-reliability adjudication reclassified record as conceptual/review/framework evidence; excluded from primary architecture observations.
SCDA-15CC31629ED59E52,claim_bearing,1,full_text,At least one source-supported focal claim admitted to frozen Reviewer-A corpus.
SCDA-19541B481311CD5E,claim_bearing,1,full_text,At least one source-supported focal claim admitted to frozen Reviewer-A corpus.
SCDA-022B3D0780AAD041,claim_bearing,1,full_text,At least one source-supported focal claim admitted to frozen Reviewer-A corpus.
SCDA-75789FE57178638D,claim_bearing,1,full_text,At least one source-supported focal claim admitted to frozen Reviewer-A corpus.
SCDA-02F1C81148364031,claim_bearing,1,full_text,At least one source-supported focal claim admitted to frozen Reviewer-A corpus.
SCDA-9A04B63D8A3CC542,claim_bearing,1,abstract_only,At least one source-supported focal claim admitted to frozen Reviewer-A corpus.
SCDA-EF14552B7A6036B9,claim_bearing,1,full_text,At least one source-supported focal claim admitted to frozen Reviewer-A corpus.
SCDA-EB0EFD3F7D383559,claim_bearing,1,full_text,At least one source-supported focal claim admitted to frozen Reviewer-A corpus.
SCDA-CBCA9930F0DC220E,claim_bearing,1,full_text,At least one source-supported focal claim admitted to frozen Reviewer-A corpus.
SCDA-155A110258638134,zero_claim_source_insufficient,0,abstract_only,Frozen repository evidence does not establish a sufficiently inspected claim-level source for defensible L/P/F/O/S/V/I coding; no title-only or metadata-only claim admitted.
SCDA-DB8765D9B34BEC74,claim_bearing,1,abstract_only,At least one source-supported focal claim admitted to frozen Reviewer-A corpus.
SCDA-E3788130A0D273F9,claim_bearing,1,full_text,At least one source-supported focal claim admitted to frozen Reviewer-A corpus.
SCDA-04676CF6A2990885,claim_bearing,1,abstract_only,At least one source-supported focal claim admitted to frozen Reviewer-A corpus.
SCDA-41CA547D57FC10EE,claim_bearing,1,full_text,At least one source-supported focal claim admitted to frozen Reviewer-A corpus.
SCDA-7A4838ADFC516866,claim_bearing,1,full_text,At least one source-supported focal claim admitted to frozen Reviewer-A corpus.
SCDA-3634857977A3026E,claim_bearing,1,full_text,At least one source-supported focal claim admitted to frozen Reviewer-A corpus.
SCDA-8A24217DA1983EE1,claim_bearing,1,full_text,At least one source-supported focal claim admitted to frozen Reviewer-A corpus.
SCDA-02843BA913BE5140,claim_bearing,1,abstract_only,At least one source-supported focal claim admitted to frozen Reviewer-A corpus.
SCDA-D08B6ECDCF712676,review_framework_reclassified,0,full_text,Pre-reliability adjudication reclassified record as conceptual/review/framework evidence; excluded from primary architecture observations.
SCDA-79FC5C6A1F178DD1,claim_bearing,2,full_text,At least one source-supported focal claim admitted to frozen Reviewer-A corpus.
SCDA-A283343262602A61,claim_bearing,1,abstract_only,At least one source-supported focal claim admitted to frozen Reviewer-A corpus.
SCDA-07E9AACB161C3713,claim_bearing,1,full_text,At least one source-supported focal claim admitted to frozen Reviewer-A corpus.
SCDA-E613F5786DAE77EE,claim_bearing,1,abstract_only,At least one source-supported focal claim admitted to frozen Reviewer-A corpus.
SCDA-65A47BF23E8BCE0D,claim_bearing,1,full_text,At least one source-supported focal claim admitted to frozen Reviewer-A corpus.
SCDA-5C4AFFB5CC3D2A44,claim_bearing,1,abstract_only,At least one source-supported focal claim admitted to frozen Reviewer-A corpus.
SCDA-BA7CDCDBF41E9BCA,review_framework_reclassified,0,full_text,Pre-reliability adjudication reclassified record as conceptual/review/framework evidence; excluded from primary architecture observations.
SCDA-20FF861DC2FDFAE3,claim_bearing,2,full_text,At least one source-supported focal claim admitted to frozen Reviewer-A corpus.
SCDA-6ACBDB15D0AE49D3,claim_bearing,1,full_text,At least one source-supported focal claim admitted to frozen Reviewer-A corpus.
SCDA-33E89B8C9B87A6B8,claim_bearing,1,full_text,At least one source-supported focal claim admitted to frozen Reviewer-A corpus.
SCDA-39E11CF2CCE0E648,claim_bearing,1,abstract_only,At least one source-supported focal claim admitted to frozen Reviewer-A corpus.
SCDA-3E6D580320CE0756,claim_bearing,1,full_text,At least one source-supported focal claim admitted to frozen Reviewer-A corpus.
SCDA-7898E5F5056F9EC2,claim_bearing,1,abstract_only,At least one source-supported focal claim admitted to frozen Reviewer-A corpus.
SCDA-0E164A5BD5C47839,review_framework_reclassified,0,abstract_only,Pre-reliability adjudication reclassified record as conceptual/review/framework evidence; excluded from primary architecture observations.
SCDA-0620D79AE96B6A58,review_framework_reclassified,0,abstract_only,Pre-reliability adjudication reclassified record as conceptual/review/framework evidence; excluded from primary architecture observations.
SCDA-6969D4A8E9A0CA60,review_framework_reclassified,0,abstract_only,Pre-reliability adjudication reclassified record as conceptual/review/framework evidence; excluded from primary architecture observations.
SCDA-6278BB7DE52586ED,claim_bearing,1,abstract_only,At least one source-supported focal claim admitted to frozen Reviewer-A corpus.
SCDA-08D08F3D43EAFA9E,claim_bearing,1,abstract_only,At least one source-supported focal claim admitted to frozen Reviewer-A corpus.
SCDA-2B8627A85745EEE0,claim_bearing,1,abstract_only,At least one source-supported focal claim admitted to frozen Reviewer-A corpus.
SCDA-952D81CE3EA7EE6C,zero_claim_source_insufficient,0,abstract_only,Frozen repository evidence does not establish a sufficiently inspected claim-level source for defensible L/P/F/O/S/V/I coding; no title-only or metadata-only claim admitted.
SCDA-34F1AF662127F7DF,zero_claim_source_insufficient,0,abstract_only,Frozen repository evidence does not establish a sufficiently inspected claim-level source for defensible L/P/F/O/S/V/I coding; no title-only or metadata-only claim admitted.
SCDA-9B53C0DDA5E38B0C,zero_claim_source_insufficient,0,abstract_only,Frozen repository evidence does not establish a sufficiently inspected claim-level source for defensible L/P/F/O/S/V/I coding; no title-only or metadata-only claim admitted.
SCDA-4C6149F816459F76,zero_claim_source_insufficient,0,abstract_only,Frozen repository evidence does not establish a sufficiently inspected claim-level source for defensible L/P/F/O/S/V/I coding; no title-only or metadata-only claim admitted.
SCDA-CD6AA0FFF0CD9DA9,zero_claim_source_insufficient,0,abstract_only,Frozen repository evidence does not establish a sufficiently inspected claim-level source for defensible L/P/F/O/S/V/I coding; no title-only or metadata-only claim admitted.
SCDA-1E15B95B1535302F,zero_claim_source_insufficient,0,abstract_only,Frozen repository evidence does not establish a sufficiently inspected claim-level source for defensible L/P/F/O/S/V/I coding; no title-only or metadata-only claim admitted.
SCDA-B6FFA238DDF5FF86,zero_claim_source_insufficient,0,abstract_only,Frozen repository evidence does not establish a sufficiently inspected claim-level source for defensible L/P/F/O/S/V/I coding; no title-only or metadata-only claim admitted.
SCDA-D57E787D5757E7AC,zero_claim_source_insufficient,0,abstract_only,Frozen repository evidence does not establish a sufficiently inspected claim-level source for defensible L/P/F/O/S/V/I coding; no title-only or metadata-only claim admitted.
SCDA-C91A983A7ABEE286,zero_claim_source_insufficient,0,abstract_only,Frozen repository evidence does not establish a sufficiently inspected claim-level source for defensible L/P/F/O/S/V/I coding; no title-only or metadata-only claim admitted.
SCDA-1427AB061579E480,zero_claim_source_insufficient,0,abstract_only,Frozen repository evidence does not establish a sufficiently inspected claim-level source for defensible L/P/F/O/S/V/I coding; no title-only or metadata-only claim admitted.
SCDA-34A5FEA61002F29B,zero_claim_source_insufficient,0,abstract_only,Frozen repository evidence does not establish a sufficiently inspected claim-level source for defensible L/P/F/O/S/V/I coding; no title-only or metadata-only claim admitted.
SCDA-C32174361BF0F084,zero_claim_source_insufficient,0,abstract_only,Frozen repository evidence does not establish a sufficiently inspected claim-level source for defensible L/P/F/O/S/V/I coding; no title-only or metadata-only claim admitted.
SCDA-3869C010B6BFE150,claim_bearing,1,abstract_only,At least one source-supported focal claim admitted to frozen Reviewer-A corpus.
SCDA-632EAB1865D7082E,zero_claim_source_insufficient,0,abstract_only,Frozen repository evidence does not establish a sufficiently inspected claim-level source for defensible L/P/F/O/S/V/I coding; no title-only or metadata-only claim admitted.
SCDA-7E1F894E893E86A9,zero_claim_source_insufficient,0,abstract_only,Frozen repository evidence does not establish a sufficiently inspected claim-level source for defensible L/P/F/O/S/V/I coding; no title-only or metadata-only claim admitted.
SCDA-738DF52F7D2FD1AD,zero_claim_source_insufficient,0,abstract_only,Frozen repository evidence does not establish a sufficiently inspected claim-level source for defensible L/P/F/O/S/V/I coding; no title-only or metadata-only claim admitted.
SCDA-E2847B62565ED01F,zero_claim_source_insufficient,0,metadata_only,Frozen repository evidence does not establish a sufficiently inspected claim-level source for defensible L/P/F/O/S/V/I coding; no title-only or metadata-only claim admitted.
SCDA-1659FCEB7FE9C3BF,zero_claim_source_insufficient,0,abstract_only,Frozen repository evidence does not establish a sufficiently inspected claim-level source for defensible L/P/F/O/S/V/I coding; no title-only or metadata-only claim admitted.
SCDA-FDEAE3AB5784EF00,zero_claim_source_insufficient,0,abstract_only,Frozen repository evidence does not establish a sufficiently inspected claim-level source for defensible L/P/F/O/S/V/I coding; no title-only or metadata-only claim admitted.
SCDA-45E25F94BD319D48,claim_bearing,1,abstract_only,At least one source-supported focal claim admitted to frozen Reviewer-A corpus.
SCDA-F92ABE6BA2FDA75F,zero_claim_source_insufficient,0,abstract_only,Frozen repository evidence does not establish a sufficiently inspected claim-level source for defensible L/P/F/O/S/V/I coding; no title-only or metadata-only claim admitted.
SCDA-CA7F89285341F05B,claim_bearing,1,abstract_only,At least one source-supported focal claim admitted to frozen Reviewer-A corpus.
SCDA-8EF428993DA027E1,zero_claim_source_insufficient,0,metadata_only,Frozen repository evidence does not establish a sufficiently inspected claim-level source for defensible L/P/F/O/S/V/I coding; no title-only or metadata-only claim admitted.
SCDA-1CEB37A0F190818F,zero_claim_source_insufficient,0,abstract_only,Frozen repository evidence does not establish a sufficiently inspected claim-level source for defensible L/P/F/O/S/V/I coding; no title-only or metadata-only claim admitted.
SCDA-83417DE94A161205,zero_claim_source_insufficient,0,abstract_only,Frozen repository evidence does not establish a sufficiently inspected claim-level source for defensible L/P/F/O/S/V/I coding; no title-only or metadata-only claim admitted.
SCDA-D68A21C52181B5D4,zero_claim_source_insufficient,0,abstract_only,Frozen repository evidence does not establish a sufficiently inspected claim-level source for defensible L/P/F/O/S/V/I coding; no title-only or metadata-only claim admitted.
SCDA-BA0C559B1E781920,zero_claim_source_insufficient,0,abstract_only,Frozen repository evidence does not establish a sufficiently inspected claim-level source for defensible L/P/F/O/S/V/I coding; no title-only or metadata-only claim admitted.
SCDA-6A1CDD1AB7669425,claim_bearing,1,abstract_only,At least one source-supported focal claim admitted to frozen Reviewer-A corpus.
SCDA-D7884136FEFFEA0D,zero_claim_source_insufficient,0,abstract_only,Frozen repository evidence does not establish a sufficiently inspected claim-level source for defensible L/P/F/O/S/V/I coding; no title-only or metadata-only claim admitted.
SCDA-226A03165317D38A,zero_claim_source_insufficient,0,abstract_only,Frozen repository evidence does not establish a sufficiently inspected claim-level source for defensible L/P/F/O/S/V/I coding; no title-only or metadata-only claim admitted.
SCDA-E9221F3B0770C50D,claim_bearing,1,abstract_only,At least one source-supported focal claim admitted to frozen Reviewer-A corpus.
SCDA-224E04FC19891E4B,claim_bearing,1,abstract_only,At least one source-supported focal claim admitted to frozen Reviewer-A corpus.
SCDA-B0F3DE3C04B23697,zero_claim_source_insufficient,0,abstract_only,Frozen repository evidence does not establish a sufficiently inspected claim-level source for defensible L/P/F/O/S/V/I coding; no title-only or metadata-only claim admitted.
SCDA-03152AEC0744A91C,zero_claim_source_insufficient,0,abstract_only,Frozen repository evidence does not establish a sufficiently inspected claim-level source for defensible L/P/F/O/S/V/I coding; no title-only or metadata-only claim admitted.
SCDA-7FF9D33AF7071532,zero_claim_source_insufficient,0,abstract_only,Frozen repository evidence does not establish a sufficiently inspected claim-level source for defensible L/P/F/O/S/V/I coding; no title-only or metadata-only claim admitted.
SCDA-958511A9734B6E89,zero_claim_source_insufficient,0,abstract_only,Frozen repository evidence does not establish a sufficiently inspected claim-level source for defensible L/P/F/O/S/V/I coding; no title-only or metadata-only claim admitted.
SCDA-BA73962C0784A60D,zero_claim_source_insufficient,0,metadata_only,Frozen repository evidence does not establish a sufficiently inspected claim-level source for defensible L/P/F/O/S/V/I coding; no title-only or metadata-only claim admitted.
SCDA-7F98C0AB1A5117B0,zero_claim_source_insufficient,0,abstract_only,Frozen repository evidence does not establish a sufficiently inspected claim-level source for defensible L/P/F/O/S/V/I coding; no title-only or metadata-only claim admitted.
SCDA-8B677F8202FBB317,zero_claim_source_insufficient,0,metadata_only,Frozen repository evidence does not establish a sufficiently inspected claim-level source for defensible L/P/F/O/S/V/I coding; no title-only or metadata-only claim admitted.
SCDA-905A4787A9B70A04,zero_claim_source_insufficient,0,abstract_only,Frozen repository evidence does not establish a sufficiently inspected claim-level source for defensible L/P/F/O/S/V/I coding; no title-only or metadata-only claim admitted.
SCDA-1C98FE6861695B38,zero_claim_source_insufficient,0,abstract_only,Frozen repository evidence does not establish a sufficiently inspected claim-level source for defensible L/P/F/O/S/V/I coding; no title-only or metadata-only claim admitted.
SCDA-572721A1758541D8,zero_claim_source_insufficient,0,abstract_only,Frozen repository evidence does not establish a sufficiently inspected claim-level source for defensible L/P/F/O/S/V/I coding; no title-only or metadata-only claim admitted.
SCDA-5E6599C35F3378F3,zero_claim_source_insufficient,0,metadata_only,Frozen repository evidence does not establish a sufficiently inspected claim-level source for defensible L/P/F/O/S/V/I coding; no title-only or metadata-only claim admitted.
SCDA-77D717BF36E15FCC,zero_claim_source_insufficient,0,abstract_only,Frozen repository evidence does not establish a sufficiently inspected claim-level source for defensible L/P/F/O/S/V/I coding; no title-only or metadata-only claim admitted.
SCDA-39081D54A0311EB7,zero_claim_source_insufficient,0,abstract_only,Frozen repository evidence does not establish a sufficiently inspected claim-level source for defensible L/P/F/O/S/V/I coding; no title-only or metadata-only claim admitted.
SCDA-5D3CADC5D6E82115,zero_claim_source_insufficient,0,abstract_only,Frozen repository evidence does not establish a sufficiently inspected claim-level source for defensible L/P/F/O/S/V/I coding; no title-only or metadata-only claim admitted.
SCDA-A9C2791787D59DA7,zero_claim_source_insufficient,0,abstract_only,Frozen repository evidence does not establish a sufficiently inspected claim-level source for defensible L/P/F/O/S/V/I coding; no title-only or metadata-only claim admitted.
SCDA-52D6EFFB36155C39,claim_bearing,1,abstract_only,At least one source-supported focal claim admitted to frozen Reviewer-A corpus.
SCDA-A609A3B3FBEC015F,zero_claim_source_insufficient,0,metadata_only,Frozen repository evidence does not establish a sufficiently inspected claim-level source for defensible L/P/F/O/S/V/I coding; no title-only or metadata-only claim admitted.
SCDA-870400DB19B9E0B8,zero_claim_source_insufficient,0,metadata_only,Frozen repository evidence does not establish a sufficiently inspected claim-level source for defensible L/P/F/O/S/V/I coding; no title-only or metadata-only claim admitted.
SCDA-5B41A6117BE3392B,zero_claim_source_insufficient,0,abstract_only,Frozen repository evidence does not establish a sufficiently inspected claim-level source for defensible L/P/F/O/S/V/I coding; no title-only or metadata-only claim admitted.
SCDA-4E07885F233F8079,zero_claim_source_insufficient,0,abstract_only,Frozen repository evidence does not establish a sufficiently inspected claim-level source for defensible L/P/F/O/S/V/I coding; no title-only or metadata-only claim admitted.
SCDA-A0BB2CA27E6EB57E,zero_claim_source_insufficient,0,abstract_only,Frozen repository evidence does not establish a sufficiently inspected claim-level source for defensible L/P/F/O/S/V/I coding; no title-only or metadata-only claim admitted.
SCDA-4E86C960A52AD39A,zero_claim_source_insufficient,0,metadata_only,Frozen repository evidence does not establish a sufficiently inspected claim-level source for defensible L/P/F/O/S/V/I coding; no title-only or metadata-only claim admitted.
SCDA-00F171726A559155,zero_claim_source_insufficient,0,abstract_only,Frozen repository evidence does not establish a sufficiently inspected claim-level source for defensible L/P/F/O/S/V/I coding; no title-only or metadata-only claim admitted.
SCDA-AD4D8BD389CE7918,zero_claim_source_insufficient,0,abstract_only,Frozen repository evidence does not establish a sufficiently inspected claim-level source for defensible L/P/F/O/S/V/I coding; no title-only or metadata-only claim admitted.
SCDA-07B1AC21DFF2B49B,zero_claim_source_insufficient,0,abstract_only,Frozen repository evidence does not establish a sufficiently inspected claim-level source for defensible L/P/F/O/S/V/I coding; no title-only or metadata-only claim admitted.
SCDA-18114EDAF98B9C68,zero_claim_source_insufficient,0,abstract_only,Frozen repository evidence does not establish a sufficiently inspected claim-level source for defensible L/P/F/O/S/V/I coding; no title-only or metadata-only claim admitted.
SCDA-C854EC925A7D7866,zero_claim_source_insufficient,0,abstract_only,Frozen repository evidence does not establish a sufficiently inspected claim-level source for defensible L/P/F/O/S/V/I coding; no title-only or metadata-only claim admitted.
SCDA-36320CEB8B00DD67,zero_claim_source_insufficient,0,metadata_only,Frozen repository evidence does not establish a sufficiently inspected claim-level source for defensible L/P/F/O/S/V/I coding; no title-only or metadata-only claim admitted.
SCDA-7D04FA3447947F6C,zero_claim_source_insufficient,0,abstract_only,Frozen repository evidence does not establish a sufficiently inspected claim-level source for defensible L/P/F/O/S/V/I coding; no title-only or metadata-only claim admitted.
SCDA-FA238030F2DB62A1,zero_claim_source_insufficient,0,abstract_only,Frozen repository evidence does not establish a sufficiently inspected claim-level source for defensible L/P/F/O/S/V/I coding; no title-only or metadata-only claim admitted.
SCDA-096845C47656A66A,zero_claim_source_insufficient,0,abstract_only,Frozen repository evidence does not establish a sufficiently inspected claim-level source for defensible L/P/F/O/S/V/I coding; no title-only or metadata-only claim admitted.
SCDA-0F44EF537B9272D6,zero_claim_source_insufficient,0,abstract_only,Frozen repository evidence does not establish a sufficiently inspected claim-level source for defensible L/P/F/O/S/V/I coding; no title-only or metadata-only claim admitted.
SCDA-6DE86D85A995383D,zero_claim_source_insufficient,0,metadata_only,Frozen repository evidence does not establish a sufficiently inspected claim-level source for defensible L/P/F/O/S/V/I coding; no title-only or metadata-only claim admitted.
SCDA-ED89568A4B1A8039,zero_claim_source_insufficient,0,metadata_only,Frozen repository evidence does not establish a sufficiently inspected claim-level source for defensible L/P/F/O/S/V/I coding; no title-only or metadata-only claim admitted.
SCDA-AC0C7F6E8E42A126,zero_claim_source_insufficient,0,abstract_only,Frozen repository evidence does not establish a sufficiently inspected claim-level source for defensible L/P/F/O/S/V/I coding; no title-only or metadata-only claim admitted.
SCDA-5B4C14AFEEDE46ED,zero_claim_source_insufficient,0,abstract_only,Frozen repository evidence does not establish a sufficiently inspected claim-level source for defensible L/P/F/O/S/V/I coding; no title-only or metadata-only claim admitted.
SCDA-578DB794283BB804,zero_claim_source_insufficient,0,abstract_only,Frozen repository evidence does not establish a sufficiently inspected claim-level source for defensible L/P/F/O/S/V/I coding; no title-only or metadata-only claim admitted.
SCDA-B68AFCAC8A6AC540,zero_claim_source_insufficient,0,metadata_only,Frozen repository evidence does not establish a sufficiently inspected claim-level source for defensible L/P/F/O/S/V/I coding; no title-only or metadata-only claim admitted.
SCDA-0391AABBAF439B86,zero_claim_source_insufficient,0,abstract_only,Frozen repository evidence does not establish a sufficiently inspected claim-level source for defensible L/P/F/O/S/V/I coding; no title-only or metadata-only claim admitted.
SCDA-4482E8F10B518812,zero_claim_source_insufficient,0,metadata_only,Frozen repository evidence does not establish a sufficiently inspected claim-level source for defensible L/P/F/O/S/V/I coding; no title-only or metadata-only claim admitted.
SCDA-F97561D234D03517,zero_claim_source_insufficient,0,abstract_only,Frozen repository evidence does not establish a sufficiently inspected claim-level source for defensible L/P/F/O/S/V/I coding; no title-only or metadata-only claim admitted.
SCDA-CF690AAC20DB9C1E,zero_claim_source_insufficient,0,abstract_only,Frozen repository evidence does not establish a sufficiently inspected claim-level source for defensible L/P/F/O/S/V/I coding; no title-only or metadata-only claim admitted.
SCDA-CE4A6DD0233B9B96,zero_claim_source_insufficient,0,metadata_only,Frozen repository evidence does not establish a sufficiently inspected claim-level source for defensible L/P/F/O/S/V/I coding; no title-only or metadata-only claim admitted.
SCDA-E72341D081E737E0,zero_claim_source_insufficient,0,abstract_only,Frozen repository evidence does not establish a sufficiently inspected claim-level source for defensible L/P/F/O/S/V/I coding; no title-only or metadata-only claim admitted.
SCDA-D0C596D502603E3C,zero_claim_source_insufficient,0,metadata_only,Frozen repository evidence does not establish a sufficiently inspected claim-level source for defensible L/P/F/O/S/V/I coding; no title-only or metadata-only claim admitted.
SCDA-9F07A9B0D7A1F06A,zero_claim_source_insufficient,0,metadata_only,Frozen repository evidence does not establish a sufficiently inspected claim-level source for defensible L/P/F/O/S/V/I coding; no title-only or metadata-only claim admitted.
SCDA-F6E266BE68803CDA,zero_claim_source_insufficient,0,abstract_only,Frozen repository evidence does not establish a sufficiently inspected claim-level source for defensible L/P/F/O/S/V/I coding; no title-only or metadata-only claim admitted.
SCDA-1C46D7EDBEAB9486,zero_claim_source_insufficient,0,metadata_only,Frozen repository evidence does not establish a sufficiently inspected claim-level source for defensible L/P/F/O/S/V/I coding; no title-only or metadata-only claim admitted.
SCDA-D0254A3669CEF1D7,zero_claim_source_insufficient,0,abstract_only,Frozen repository evidence does not establish a sufficiently inspected claim-level source for defensible L/P/F/O/S/V/I coding; no title-only or metadata-only claim admitted.
SCDA-07DA548C62739EE6,zero_claim_source_insufficient,0,metadata_only,Frozen repository evidence does not establish a sufficiently inspected claim-level source for defensible L/P/F/O/S/V/I coding; no title-only or metadata-only claim admitted.
SCDA-2D1BF125A4C4FAFB,zero_claim_source_insufficient,0,metadata_only,Frozen repository evidence does not establish a sufficiently inspected claim-level source for defensible L/P/F/O/S/V/I coding; no title-only or metadata-only claim admitted.
SCDA-5E5E58DD68C8BE5F,zero_claim_source_insufficient,0,abstract_only,Frozen repository evidence does not establish a sufficiently inspected claim-level source for defensible L/P/F/O/S/V/I coding; no title-only or metadata-only claim admitted.
SCDA-4A8C0262D1138A18,claim_bearing,1,abstract_only,At least one source-supported focal claim admitted to frozen Reviewer-A corpus.
SCDA-B85DC0AC5848A46B,zero_claim_source_insufficient,0,abstract_only,Frozen repository evidence does not establish a sufficiently inspected claim-level source for defensible L/P/F/O/S/V/I coding; no title-only or metadata-only claim admitted.
SCDA-DF971B33FBF18042,zero_claim_source_insufficient,0,abstract_only,Frozen repository evidence does not establish a sufficiently inspected claim-level source for defensible L/P/F/O/S/V/I coding; no title-only or metadata-only claim admitted.
SCDA-095E806A1498C7C4,zero_claim_source_insufficient,0,abstract_only,Frozen repository evidence does not establish a sufficiently inspected claim-level source for defensible L/P/F/O/S/V/I coding; no title-only or metadata-only claim admitted.
SCDA-195B7634BAA4FCD9,claim_bearing,1,abstract_only,At least one source-supported focal claim admitted to frozen Reviewer-A corpus.
SCDA-1843196E766673B0,claim_bearing,1,abstract_only,At least one source-supported focal claim admitted to frozen Reviewer-A corpus.
SCDA-8964580D24727738,zero_claim_source_insufficient,0,metadata_only,Frozen repository evidence does not establish a sufficiently inspected claim-level source for defensible L/P/F/O/S/V/I coding; no title-only or metadata-only claim admitted.
SCDA-9B53CF6B2D8A54EC,zero_claim_source_insufficient,0,abstract_only,Frozen repository evidence does not establish a sufficiently inspected claim-level source for defensible L/P/F/O/S/V/I coding; no title-only or metadata-only claim admitted.
SCDA-D7F5DB4E243B075B,zero_claim_source_insufficient,0,abstract_only,Frozen repository evidence does not establish a sufficiently inspected claim-level source for defensible L/P/F/O/S/V/I coding; no title-only or metadata-only claim admitted.
SCDA-E41C21D3A076EAD5,zero_claim_source_insufficient,0,metadata_only,Frozen repository evidence does not establish a sufficiently inspected claim-level source for defensible L/P/F/O/S/V/I coding; no title-only or metadata-only claim admitted.
SCDA-971CFA325BDDD0B7,zero_claim_source_insufficient,0,metadata_only,Frozen repository evidence does not establish a sufficiently inspected claim-level source for defensible L/P/F/O/S/V/I coding; no title-only or metadata-only claim admitted.
SCDA-C542D85504447F81,zero_claim_source_insufficient,0,abstract_only,Frozen repository evidence does not establish a sufficiently inspected claim-level source for defensible L/P/F/O/S/V/I coding; no title-only or metadata-only claim admitted.
SCDA-3F9E0BD81EEA69BB,zero_claim_source_insufficient,0,abstract_only,Frozen repository evidence does not establish a sufficiently inspected claim-level source for defensible L/P/F/O/S/V/I coding; no title-only or metadata-only claim admitted.
SCDA-B6B85049620795E5,zero_claim_source_insufficient,0,metadata_only,Frozen repository evidence does not establish a sufficiently inspected claim-level source for defensible L/P/F/O/S/V/I coding; no title-only or metadata-only claim admitted.
SCDA-4C621C751D468890,zero_claim_source_insufficient,0,metadata_only,Frozen repository evidence does not establish a sufficiently inspected claim-level source for defensible L/P/F/O/S/V/I coding; no title-only or metadata-only claim admitted.
SCDA-351B14801F045F44,zero_claim_source_insufficient,0,abstract_only,Frozen repository evidence does not establish a sufficiently inspected claim-level source for defensible L/P/F/O/S/V/I coding; no title-only or metadata-only claim admitted.
SCDA-1ADB8DC751AA397F,zero_claim_source_insufficient,0,metadata_only,Frozen repository evidence does not establish a sufficiently inspected claim-level source for defensible L/P/F/O/S/V/I coding; no title-only or metadata-only claim admitted.
SCDA-E180FD6120CB2B29,zero_claim_source_insufficient,0,abstract_only,Frozen repository evidence does not establish a sufficiently inspected claim-level source for defensible L/P/F/O/S/V/I coding; no title-only or metadata-only claim admitted.
SCDA-2BDA05A568F5FA46,zero_claim_source_insufficient,0,abstract_only,Frozen repository evidence does not establish a sufficiently inspected claim-level source for defensible L/P/F/O/S/V/I coding; no title-only or metadata-only claim admitted.
SCDA-03605658CB7FF82A,zero_claim_source_insufficient,0,abstract_only,Frozen repository evidence does not establish a sufficiently inspected claim-level source for defensible L/P/F/O/S/V/I coding; no title-only or metadata-only claim admitted.
SCDA-52D41F86A63D9BCA,zero_claim_source_insufficient,0,abstract_only,Frozen repository evidence does not establish a sufficiently inspected claim-level source for defensible L/P/F/O/S/V/I coding; no title-only or metadata-only claim admitted.
SCDA-259F49DC9200E32B,zero_claim_source_insufficient,0,metadata_only,Frozen repository evidence does not establish a sufficiently inspected claim-level source for defensible L/P/F/O/S/V/I coding; no title-only or metadata-only claim admitted.
SCDA-FD2218EC505A4574,zero_claim_source_insufficient,0,abstract_only,Frozen repository evidence does not establish a sufficiently inspected claim-level source for defensible L/P/F/O/S/V/I coding; no title-only or metadata-only claim admitted.
SCDA-89BCA14D75044640,zero_claim_source_insufficient,0,metadata_only,Frozen repository evidence does not establish a sufficiently inspected claim-level source for defensible L/P/F/O/S/V/I coding; no title-only or metadata-only claim admitted.
SCDA-9C452CE0B53244C7,zero_claim_source_insufficient,0,metadata_only,Frozen repository evidence does not establish a sufficiently inspected claim-level source for defensible L/P/F/O/S/V/I coding; no title-only or metadata-only claim admitted.
SCDA-AED7AE8C14C77935,zero_claim_source_insufficient,0,metadata_only,Frozen repository evidence does not establish a sufficiently inspected claim-level source for defensible L/P/F/O/S/V/I coding; no title-only or metadata-only claim admitted.
SCDA-7DB16090DBD9DBC4,zero_claim_source_insufficient,0,abstract_only,Frozen repository evidence does not establish a sufficiently inspected claim-level source for defensible L/P/F/O/S/V/I coding; no title-only or metadata-only claim admitted.
SCDA-070C2D874351A2F1,zero_claim_source_insufficient,0,abstract_only,Frozen repository evidence does not establish a sufficiently inspected claim-level source for defensible L/P/F/O/S/V/I coding; no title-only or metadata-only claim admitted.
SCDA-8CEE51F63980363A,zero_claim_source_insufficient,0,abstract_only,Frozen repository evidence does not establish a sufficiently inspected claim-level source for defensible L/P/F/O/S/V/I coding; no title-only or metadata-only claim admitted.
SCDA-9E47BF7CFA16076C,zero_claim_source_insufficient,0,metadata_only,Frozen repository evidence does not establish a sufficiently inspected claim-level source for defensible L/P/F/O/S/V/I coding; no title-only or metadata-only claim admitted.
SCDA-E08DCDED96CC072A,zero_claim_source_insufficient,0,metadata_only,Frozen repository evidence does not establish a sufficiently inspected claim-level source for defensible L/P/F/O/S/V/I coding; no title-only or metadata-only claim admitted.
SCDA-C435347EC4434316,zero_claim_source_insufficient,0,abstract_only,Frozen repository evidence does not establish a sufficiently inspected claim-level source for defensible L/P/F/O/S/V/I coding; no title-only or metadata-only claim admitted.
SCDA-951E1199289CBCC6,zero_claim_source_insufficient,0,abstract_only,Frozen repository evidence does not establish a sufficiently inspected claim-level source for defensible L/P/F/O/S/V/I coding; no title-only or metadata-only claim admitted.
SCDA-8F840F5736968938,zero_claim_source_insufficient,0,abstract_only,Frozen repository evidence does not establish a sufficiently inspected claim-level source for defensible L/P/F/O/S/V/I coding; no title-only or metadata-only claim admitted.
SCDA-515030B7906AFB0E,zero_claim_source_insufficient,0,abstract_only,Frozen repository evidence does not establish a sufficiently inspected claim-level source for defensible L/P/F/O/S/V/I coding; no title-only or metadata-only claim admitted.
SCDA-14CAD6D0AD17E1F8,zero_claim_source_insufficient,0,abstract_only,Frozen repository evidence does not establish a sufficiently inspected claim-level source for defensible L/P/F/O/S/V/I coding; no title-only or metadata-only claim admitted.
SCDA-2F4A87EA432BCE53,zero_claim_source_insufficient,0,metadata_only,Frozen repository evidence does not establish a sufficiently inspected claim-level source for defensible L/P/F/O/S/V/I coding; no title-only or metadata-only claim admitted.
SCDA-D59EE7839F765F6A,zero_claim_source_insufficient,0,abstract_only,Frozen repository evidence does not establish a sufficiently inspected claim-level source for defensible L/P/F/O/S/V/I coding; no title-only or metadata-only claim admitted.
SCDA-697A697D1B0FFEAD,zero_claim_source_insufficient,0,abstract_only,Frozen repository evidence does not establish a sufficiently inspected claim-level source for defensible L/P/F/O/S/V/I coding; no title-only or metadata-only claim admitted.
SCDA-9BD2D149C54F4C49,zero_claim_source_insufficient,0,abstract_only,Frozen repository evidence does not establish a sufficiently inspected claim-level source for defensible L/P/F/O/S/V/I coding; no title-only or metadata-only claim admitted.
SCDA-80E35A5063C1CE2F,zero_claim_source_insufficient,0,abstract_only,Frozen repository evidence does not establish a sufficiently inspected claim-level source for defensible L/P/F/O/S/V/I coding; no title-only or metadata-only claim admitted.
SCDA-EBA082C431052656,zero_claim_source_insufficient,0,abstract_only,Frozen repository evidence does not establish a sufficiently inspected claim-level source for defensible L/P/F/O/S/V/I coding; no title-only or metadata-only claim admitted.
SCDA-AC0D358AE22F2D6F,zero_claim_source_insufficient,0,metadata_only,Frozen repository evidence does not establish a sufficiently inspected claim-level source for defensible L/P/F/O/S/V/I coding; no title-only or metadata-only claim admitted.
SCDA-45E064CE9B744014,zero_claim_source_insufficient,0,abstract_only,Frozen repository evidence does not establish a sufficiently inspected claim-level source for defensible L/P/F/O/S/V/I coding; no title-only or metadata-only claim admitted.
SCDA-DC15ACB0834082A3,zero_claim_source_insufficient,0,metadata_only,Frozen repository evidence does not establish a sufficiently inspected claim-level source for defensible L/P/F/O/S/V/I coding; no title-only or metadata-only claim admitted.
SCDA-2A8A1959CCD4AB2F,zero_claim_source_insufficient,0,metadata_only,Frozen repository evidence does not establish a sufficiently inspected claim-level source for defensible L/P/F/O/S/V/I coding; no title-only or metadata-only claim admitted.
SCDA-DD02E3D3EAF3CDFA,zero_claim_source_insufficient,0,abstract_only,Frozen repository evidence does not establish a sufficiently inspected claim-level source for defensible L/P/F/O/S/V/I coding; no title-only or metadata-only claim admitted.
SCDA-1C293D1067AF8AC4,zero_claim_source_insufficient,0,abstract_only,Frozen repository evidence does not establish a sufficiently inspected claim-level source for defensible L/P/F/O/S/V/I coding; no title-only or metadata-only claim admitted.
SCDA-5570DA9E0DA92A8B,zero_claim_source_insufficient,0,abstract_only,Frozen repository evidence does not establish a sufficiently inspected claim-level source for defensible L/P/F/O/S/V/I coding; no title-only or metadata-only claim admitted.
SCDA-CBF8D5E797D6AF7C,zero_claim_source_insufficient,0,metadata_only,Frozen repository evidence does not establish a sufficiently inspected claim-level source for defensible L/P/F/O/S/V/I coding; no title-only or metadata-only claim admitted.
SCDA-CC8A0285E27363B3,zero_claim_source_insufficient,0,metadata_only,Frozen repository evidence does not establish a sufficiently inspected claim-level source for defensible L/P/F/O/S/V/I coding; no title-only or metadata-only claim admitted.
SCDA-E9A5671378F02C76,zero_claim_source_insufficient,0,abstract_only,Frozen repository evidence does not establish a sufficiently inspected claim-level source for defensible L/P/F/O/S/V/I coding; no title-only or metadata-only claim admitted.
SCDA-49E1D375976BE41C,zero_claim_source_insufficient,0,abstract_only,Frozen repository evidence does not establish a sufficiently inspected claim-level source for defensible L/P/F/O/S/V/I coding; no title-only or metadata-only claim admitted.
SCDA-7A08EFC8095951A9,zero_claim_source_insufficient,0,abstract_only,Frozen repository evidence does not establish a sufficiently inspected claim-level source for defensible L/P/F/O/S/V/I coding; no title-only or metadata-only claim admitted.
SCDA-6CD2ADB640F5686F,zero_claim_source_insufficient,0,abstract_only,Frozen repository evidence does not establish a sufficiently inspected claim-level source for defensible L/P/F/O/S/V/I coding; no title-only or metadata-only claim admitted.
SCDA-9D236A4231300215,zero_claim_source_insufficient,0,abstract_only,Frozen repository evidence does not establish a sufficiently inspected claim-level source for defensible L/P/F/O/S/V/I coding; no title-only or metadata-only claim admitted.
SCDA-45E340E8FF94C9C8,zero_claim_source_insufficient,0,metadata_only,Frozen repository evidence does not establish a sufficiently inspected claim-level source for defensible L/P/F/O/S/V/I coding; no title-only or metadata-only claim admitted.
SCDA-D862F1012CC64981,zero_claim_source_insufficient,0,abstract_only,Frozen repository evidence does not establish a sufficiently inspected claim-level source for defensible L/P/F/O/S/V/I coding; no title-only or metadata-only claim admitted.
SCDA-9AC8B49520D52B66,zero_claim_source_insufficient,0,metadata_only,Frozen repository evidence does not establish a sufficiently inspected claim-level source for defensible L/P/F/O/S/V/I coding; no title-only or metadata-only claim admitted.
SCDA-DDE5BA5C77A0A123,zero_claim_source_insufficient,0,metadata_only,Frozen repository evidence does not establish a sufficiently inspected claim-level source for defensible L/P/F/O/S/V/I coding; no title-only or metadata-only claim admitted.
SCDA-A0A7B496EA7F6158,zero_claim_source_insufficient,0,abstract_only,Frozen repository evidence does not establish a sufficiently inspected claim-level source for defensible L/P/F/O/S/V/I coding; no title-only or metadata-only claim admitted.
SCDA-C5FA03E97A1B25A0,zero_claim_source_insufficient,0,abstract_only,Frozen repository evidence does not establish a sufficiently inspected claim-level source for defensible L/P/F/O/S/V/I coding; no title-only or metadata-only claim admitted.
SCDA-E8D9C0008C8E90BF,zero_claim_source_insufficient,0,metadata_only,Frozen repository evidence does not establish a sufficiently inspected claim-level source for defensible L/P/F/O/S/V/I coding; no title-only or metadata-only claim admitted.
SCDA-16E446F65A30337C,zero_claim_source_insufficient,0,abstract_only,Frozen repository evidence does not establish a sufficiently inspected claim-level source for defensible L/P/F/O/S/V/I coding; no title-only or metadata-only claim admitted.
SCDA-3930A8270E762A2D,zero_claim_source_insufficient,0,metadata_only,Frozen repository evidence does not establish a sufficiently inspected claim-level source for defensible L/P/F/O/S/V/I coding; no title-only or metadata-only claim admitted.
SCDA-974DB95FA11C37FC,zero_claim_source_insufficient,0,abstract_only,Frozen repository evidence does not establish a sufficiently inspected claim-level source for defensible L/P/F/O/S/V/I coding; no title-only or metadata-only claim admitted.
SCDA-689B62C77504C70B,zero_claim_source_insufficient,0,metadata_only,Frozen repository evidence does not establish a sufficiently inspected claim-level source for defensible L/P/F/O/S/V/I coding; no title-only or metadata-only claim admitted.
SCDA-7762FA4626D5997F,zero_claim_source_insufficient,0,metadata_only,Frozen repository evidence does not establish a sufficiently inspected claim-level source for defensible L/P/F/O/S/V/I coding; no title-only or metadata-only claim admitted.
SCDA-8A100D80692B6016,zero_claim_source_insufficient,0,abstract_only,Frozen repository evidence does not establish a sufficiently inspected claim-level source for defensible L/P/F/O/S/V/I coding; no title-only or metadata-only claim admitted.
SCDA-8609B7320FD963F7,zero_claim_source_insufficient,0,abstract_only,Frozen repository evidence does not establish a sufficiently inspected claim-level source for defensible L/P/F/O/S/V/I coding; no title-only or metadata-only claim admitted.
SCDA-03DAD4D3E20F114C,zero_claim_source_insufficient,0,abstract_only,Frozen repository evidence does not establish a sufficiently inspected claim-level source for defensible L/P/F/O/S/V/I coding; no title-only or metadata-only claim admitted.
SCDA-77CEF27815F0B743,zero_claim_source_insufficient,0,abstract_only,Frozen repository evidence does not establish a sufficiently inspected claim-level source for defensible L/P/F/O/S/V/I coding; no title-only or metadata-only claim admitted.
SCDA-1CEC8B3C2C9220C8,zero_claim_source_insufficient,0,metadata_only,Frozen repository evidence does not establish a sufficiently inspected claim-level source for defensible L/P/F/O/S/V/I coding; no title-only or metadata-only claim admitted.
SCDA-C76C395CD66CDA67,zero_claim_source_insufficient,0,metadata_only,Frozen repository evidence does not establish a sufficiently inspected claim-level source for defensible L/P/F/O/S/V/I coding; no title-only or metadata-only claim admitted.
SCDA-73265D57BCD72AE2,zero_claim_source_insufficient,0,abstract_only,Frozen repository evidence does not establish a sufficiently inspected claim-level source for defensible L/P/F/O/S/V/I coding; no title-only or metadata-only claim admitted.
SCDA-B254EDE3461F32AB,zero_claim_source_insufficient,0,abstract_only,Frozen repository evidence does not establish a sufficiently inspected claim-level source for defensible L/P/F/O/S/V/I coding; no title-only or metadata-only claim admitted.
SCDA-D693484F2AECE78F,zero_claim_source_insufficient,0,metadata_only,Frozen repository evidence does not establish a sufficiently inspected claim-level source for defensible L/P/F/O/S/V/I coding; no title-only or metadata-only claim admitted.
SCDA-7B2B832F776AC9B0,zero_claim_source_insufficient,0,abstract_only,Frozen repository evidence does not establish a sufficiently inspected claim-level source for defensible L/P/F/O/S/V/I coding; no title-only or metadata-only claim admitted.
SCDA-CDA88D5467B25150,zero_claim_source_insufficient,0,abstract_only,Frozen repository evidence does not establish a sufficiently inspected claim-level source for defensible L/P/F/O/S/V/I coding; no title-only or metadata-only claim admitted.
SCDA-514DB7B9FDF3530A,zero_claim_source_insufficient,0,metadata_only,Frozen repository evidence does not establish a sufficiently inspected claim-level source for defensible L/P/F/O/S/V/I coding; no title-only or metadata-only claim admitted.
SCDA-53266A11C2C36CB0,zero_claim_source_insufficient,0,abstract_only,Frozen repository evidence does not establish a sufficiently inspected claim-level source for defensible L/P/F/O/S/V/I coding; no title-only or metadata-only claim admitted.
SCDA-66FBF390DA0CC50B,zero_claim_source_insufficient,0,metadata_only,Frozen repository evidence does not establish a sufficiently inspected claim-level source for defensible L/P/F/O/S/V/I coding; no title-only or metadata-only claim admitted.
SCDA-C147047358780E64,zero_claim_source_insufficient,0,metadata_only,Frozen repository evidence does not establish a sufficiently inspected claim-level source for defensible L/P/F/O/S/V/I coding; no title-only or metadata-only claim admitted.
SCDA-54FBBCD99C44EA81,zero_claim_source_insufficient,0,abstract_only,Frozen repository evidence does not establish a sufficiently inspected claim-level source for defensible L/P/F/O/S/V/I coding; no title-only or metadata-only claim admitted.
SCDA-ADC7B08FF48C4835,zero_claim_source_insufficient,0,abstract_only,Frozen repository evidence does not establish a sufficiently inspected claim-level source for defensible L/P/F/O/S/V/I coding; no title-only or metadata-only claim admitted.
SCDA-A7BFA6FC91A1B3D0,zero_claim_source_insufficient,0,metadata_only,Frozen repository evidence does not establish a sufficiently inspected claim-level source for defensible L/P/F/O/S/V/I coding; no title-only or metadata-only claim admitted.
SCDA-E4181BAC1E4772CD,zero_claim_source_insufficient,0,metadata_only,Frozen repository evidence does not establish a sufficiently inspected claim-level source for defensible L/P/F/O/S/V/I coding; no title-only or metadata-only claim admitted.
SCDA-35599110D477D6C7,zero_claim_source_insufficient,0,metadata_only,Frozen repository evidence does not establish a sufficiently inspected claim-level source for defensible L/P/F/O/S/V/I coding; no title-only or metadata-only claim admitted.
SCDA-CD8BE42D2F8C43B7,zero_claim_source_insufficient,0,abstract_only,Frozen repository evidence does not establish a sufficiently inspected claim-level source for defensible L/P/F/O/S/V/I coding; no title-only or metadata-only claim admitted.
SCDA-994CFBFCB72EC0A6,zero_claim_source_insufficient,0,metadata_only,Frozen repository evidence does not establish a sufficiently inspected claim-level source for defensible L/P/F/O/S/V/I coding; no title-only or metadata-only claim admitted.
SCDA-C7110C9E80C5D374,zero_claim_source_insufficient,0,metadata_only,Frozen repository evidence does not establish a sufficiently inspected claim-level source for defensible L/P/F/O/S/V/I coding; no title-only or metadata-only claim admitted.
SCDA-F130E467D0B2397F,zero_claim_source_insufficient,0,abstract_only,Frozen repository evidence does not establish a sufficiently inspected claim-level source for defensible L/P/F/O/S/V/I coding; no title-only or metadata-only claim admitted.
SCDA-D06211879EB2A7A1,zero_claim_source_insufficient,0,abstract_only,Frozen repository evidence does not establish a sufficiently inspected claim-level source for defensible L/P/F/O/S/V/I coding; no title-only or metadata-only claim admitted.
SCDA-21A1126D57EB22F5,zero_claim_source_insufficient,0,abstract_only,Frozen repository evidence does not establish a sufficiently inspected claim-level source for defensible L/P/F/O/S/V/I coding; no title-only or metadata-only claim admitted.
SCDA-816BE9D4DEF50C95,zero_claim_source_insufficient,0,abstract_only,Frozen repository evidence does not establish a sufficiently inspected claim-level source for defensible L/P/F/O/S/V/I coding; no title-only or metadata-only claim admitted.
SCDA-D282C8FEB6A84C9D,zero_claim_source_insufficient,0,abstract_only,Frozen repository evidence does not establish a sufficiently inspected claim-level source for defensible L/P/F/O/S/V/I coding; no title-only or metadata-only claim admitted.
SCDA-30463A297F677687,zero_claim_source_insufficient,0,abstract_only,Frozen repository evidence does not establish a sufficiently inspected claim-level source for defensible L/P/F/O/S/V/I coding; no title-only or metadata-only claim admitted.
SCDA-3F24EF6AF1517D0A,zero_claim_source_insufficient,0,abstract_only,Frozen repository evidence does not establish a sufficiently inspected claim-level source for defensible L/P/F/O/S/V/I coding; no title-only or metadata-only claim admitted.
SCDA-7BB15B1249435481,zero_claim_source_insufficient,0,abstract_only,Frozen repository evidence does not establish a sufficiently inspected claim-level source for defensible L/P/F/O/S/V/I coding; no title-only or metadata-only claim admitted.
SCDA-2E8910515FE4627A,zero_claim_source_insufficient,0,metadata_only,Frozen repository evidence does not establish a sufficiently inspected claim-level source for defensible L/P/F/O/S/V/I coding; no title-only or metadata-only claim admitted.
SCDA-C65EA9B093FE56D7,zero_claim_source_insufficient,0,abstract_only,Frozen repository evidence does not establish a sufficiently inspected claim-level source for defensible L/P/F/O/S/V/I coding; no title-only or metadata-only claim admitted.
SCDA-34472BFA6F495545,zero_claim_source_insufficient,0,abstract_only,Frozen repository evidence does not establish a sufficiently inspected claim-level source for defensible L/P/F/O/S/V/I coding; no title-only or metadata-only claim admitted.
SCDA-479A3C12133092CA,zero_claim_source_insufficient,0,metadata_only,Frozen repository evidence does not establish a sufficiently inspected claim-level source for defensible L/P/F/O/S/V/I coding; no title-only or metadata-only claim admitted.
SCDA-DC396B0E76BDB929,zero_claim_source_insufficient,0,abstract_only,Frozen repository evidence does not establish a sufficiently inspected claim-level source for defensible L/P/F/O/S/V/I coding; no title-only or metadata-only claim admitted.
SCDA-40579EC2C3F05DF8,zero_claim_source_insufficient,0,abstract_only,Frozen repository evidence does not establish a sufficiently inspected claim-level source for defensible L/P/F/O/S/V/I coding; no title-only or metadata-only claim admitted.
SCDA-635486014F22CEDF,zero_claim_source_insufficient,0,abstract_only,Frozen repository evidence does not establish a sufficiently inspected claim-level source for defensible L/P/F/O/S/V/I coding; no title-only or metadata-only claim admitted.
SCDA-20603419C17205AD,zero_claim_source_insufficient,0,abstract_only,Frozen repository evidence does not establish a sufficiently inspected claim-level source for defensible L/P/F/O/S/V/I coding; no title-only or metadata-only claim admitted.
SCDA-5DFEBDF74EA188A1,zero_claim_source_insufficient,0,abstract_only,Frozen repository evidence does not establish a sufficiently inspected claim-level source for defensible L/P/F/O/S/V/I coding; no title-only or metadata-only claim admitted.
SCDA-687E64C6486CE77A,zero_claim_source_insufficient,0,abstract_only,Frozen repository evidence does not establish a sufficiently inspected claim-level source for defensible L/P/F/O/S/V/I coding; no title-only or metadata-only claim admitted.
SCDA-453593D926D1BDA6,zero_claim_source_insufficient,0,abstract_only,Frozen repository evidence does not establish a sufficiently inspected claim-level source for defensible L/P/F/O/S/V/I coding; no title-only or metadata-only claim admitted.
SCDA-24590DEB8531D047,zero_claim_source_insufficient,0,abstract_only,Frozen repository evidence does not establish a sufficiently inspected claim-level source for defensible L/P/F/O/S/V/I coding; no title-only or metadata-only claim admitted.
SCDA-CAD6C0B8C91438EA,zero_claim_source_insufficient,0,abstract_only,Frozen repository evidence does not establish a sufficiently inspected claim-level source for defensible L/P/F/O/S/V/I coding; no title-only or metadata-only claim admitted.
SCDA-C5B305D1D51013C3,zero_claim_source_insufficient,0,metadata_only,Frozen repository evidence does not establish a sufficiently inspected claim-level source for defensible L/P/F/O/S/V/I coding; no title-only or metadata-only claim admitted.
SCDA-048B2AB0FEE8C06D,zero_claim_source_insufficient,0,abstract_only,Frozen repository evidence does not establish a sufficiently inspected claim-level source for defensible L/P/F/O/S/V/I coding; no title-only or metadata-only claim admitted.
SCDA-ACE29AD87EED0ABF,zero_claim_source_insufficient,0,abstract_only,Frozen repository evidence does not establish a sufficiently inspected claim-level source for defensible L/P/F/O/S/V/I coding; no title-only or metadata-only claim admitted.
SCDA-89679DAA15F977CB,zero_claim_source_insufficient,0,metadata_only,Frozen repository evidence does not establish a sufficiently inspected claim-level source for defensible L/P/F/O/S/V/I coding; no title-only or metadata-only claim admitted.
SCDA-839582564121D38B,zero_claim_source_insufficient,0,abstract_only,Frozen repository evidence does not establish a sufficiently inspected claim-level source for defensible L/P/F/O/S/V/I coding; no title-only or metadata-only claim admitted.
SCDA-75F08FDDE2F0B5B8,zero_claim_source_insufficient,0,metadata_only,Frozen repository evidence does not establish a sufficiently inspected claim-level source for defensible L/P/F/O/S/V/I coding; no title-only or metadata-only claim admitted.
SCDA-1484ACFE0E21E26B,zero_claim_source_insufficient,0,abstract_only,Frozen repository evidence does not establish a sufficiently inspected claim-level source for defensible L/P/F/O/S/V/I coding; no title-only or metadata-only claim admitted.
SCDA-7B8AD5AECD9C79C2,zero_claim_source_insufficient,0,metadata_only,Frozen repository evidence does not establish a sufficiently inspected claim-level source for defensible L/P/F/O/S/V/I coding; no title-only or metadata-only claim admitted.
SCDA-AF703A43607FC976,zero_claim_source_insufficient,0,metadata_only,Frozen repository evidence does not establish a sufficiently inspected claim-level source for defensible L/P/F/O/S/V/I coding; no title-only or metadata-only claim admitted.
SCDA-0BEAE619FDCDD622,zero_claim_source_insufficient,0,abstract_only,Frozen repository evidence does not establish a sufficiently inspected claim-level source for defensible L/P/F/O/S/V/I coding; no title-only or metadata-only claim admitted.
SCDA-284DD6675F065538,zero_claim_source_insufficient,0,abstract_only,Frozen repository evidence does not establish a sufficiently inspected claim-level source for defensible L/P/F/O/S/V/I coding; no title-only or metadata-only claim admitted.
SCDA-AE6124AEF44F621F,zero_claim_source_insufficient,0,abstract_only,Frozen repository evidence does not establish a sufficiently inspected claim-level source for defensible L/P/F/O/S/V/I coding; no title-only or metadata-only claim admitted.
SCDA-5A6E17440E0651D5,zero_claim_source_insufficient,0,abstract_only,Frozen repository evidence does not establish a sufficiently inspected claim-level source for defensible L/P/F/O/S/V/I coding; no title-only or metadata-only claim admitted.
SCDA-F256D53DC392F90F,zero_claim_source_insufficient,0,abstract_only,Frozen repository evidence does not establish a sufficiently inspected claim-level source for defensible L/P/F/O/S/V/I coding; no title-only or metadata-only claim admitted.
SCDA-F935520B5295424C,zero_claim_source_insufficient,0,metadata_only,Frozen repository evidence does not establish a sufficiently inspected claim-level source for defensible L/P/F/O/S/V/I coding; no title-only or metadata-only claim admitted.
SCDA-85ECECC889673A6E,zero_claim_source_insufficient,0,abstract_only,Frozen repository evidence does not establish a sufficiently inspected claim-level source for defensible L/P/F/O/S/V/I coding; no title-only or metadata-only claim admitted.
SCDA-66C48FAE0E10EA69,zero_claim_source_insufficient,0,abstract_only,Frozen repository evidence does not establish a sufficiently inspected claim-level source for defensible L/P/F/O/S/V/I coding; no title-only or metadata-only claim admitted.
SCDA-CEAFBC570EC2641D,zero_claim_source_insufficient,0,metadata_only,Frozen repository evidence does not establish a sufficiently inspected claim-level source for defensible L/P/F/O/S/V/I coding; no title-only or metadata-only claim admitted.
SCDA-E5F328A68EC62FC4,zero_claim_source_insufficient,0,metadata_only,Frozen repository evidence does not establish a sufficiently inspected claim-level source for defensible L/P/F/O/S/V/I coding; no title-only or metadata-only claim admitted.
SCDA-38AD00157FAA687B,zero_claim_source_insufficient,0,abstract_only,Frozen repository evidence does not establish a sufficiently inspected claim-level source for defensible L/P/F/O/S/V/I coding; no title-only or metadata-only claim admitted.
SCDA-117A3ADBB4E848F9,zero_claim_source_insufficient,0,abstract_only,Frozen repository evidence does not establish a sufficiently inspected claim-level source for defensible L/P/F/O/S/V/I coding; no title-only or metadata-only claim admitted.
SCDA-2AAB6D92FECDF5C8,zero_claim_source_insufficient,0,metadata_only,Frozen repository evidence does not establish a sufficiently inspected claim-level source for defensible L/P/F/O/S/V/I coding; no title-only or metadata-only claim admitted.
SCDA-7C7B90B76AE03AFC,zero_claim_source_insufficient,0,abstract_only,Frozen repository evidence does not establish a sufficiently inspected claim-level source for defensible L/P/F/O/S/V/I coding; no title-only or metadata-only claim admitted.
SCDA-8A2B46022A5953A9,zero_claim_source_insufficient,0,metadata_only,Frozen repository evidence does not establish a sufficiently inspected claim-level source for defensible L/P/F/O/S/V/I coding; no title-only or metadata-only claim admitted.
SCDA-DD3CA2C40FDE5916,zero_claim_source_insufficient,0,abstract_only,Frozen repository evidence does not establish a sufficiently inspected claim-level source for defensible L/P/F/O/S/V/I coding; no title-only or metadata-only claim admitted.
SCDA-7E2C1F7148F575AA,zero_claim_source_insufficient,0,abstract_only,Frozen repository evidence does not establish a sufficiently inspected claim-level source for defensible L/P/F/O/S/V/I coding; no title-only or metadata-only claim admitted.
SCDA-103D4041DB82C812,zero_claim_source_insufficient,0,metadata_only,Frozen repository evidence does not establish a sufficiently inspected claim-level source for defensible L/P/F/O/S/V/I coding; no title-only or metadata-only claim admitted.
SCDA-8ACDFF136EF09926,zero_claim_source_insufficient,0,metadata_only,Frozen repository evidence does not establish a sufficiently inspected claim-level source for defensible L/P/F/O/S/V/I coding; no title-only or metadata-only claim admitted.
SCDA-E50F72269797C393,zero_claim_source_insufficient,0,metadata_only,Frozen repository evidence does not establish a sufficiently inspected claim-level source for defensible L/P/F/O/S/V/I coding; no title-only or metadata-only claim admitted.
SCDA-4E3B9E7252C23C15,zero_claim_source_insufficient,0,abstract_only,Frozen repository evidence does not establish a sufficiently inspected claim-level source for defensible L/P/F/O/S/V/I coding; no title-only or metadata-only claim admitted.
SCDA-55B1373A92428AB5,zero_claim_source_insufficient,0,abstract_only,Frozen repository evidence does not establish a sufficiently inspected claim-level source for defensible L/P/F/O/S/V/I coding; no title-only or metadata-only claim admitted.
SCDA-16528FF18D15B97C,zero_claim_source_insufficient,0,metadata_only,Frozen repository evidence does not establish a sufficiently inspected claim-level source for defensible L/P/F/O/S/V/I coding; no title-only or metadata-only claim admitted.
SCDA-9D04C9BD18B256B6,zero_claim_source_insufficient,0,metadata_only,Frozen repository evidence does not establish a sufficiently inspected claim-level source for defensible L/P/F/O/S/V/I coding; no title-only or metadata-only claim admitted.
SCDA-25A1A8DE090608C1,zero_claim_source_insufficient,0,metadata_only,Frozen repository evidence does not establish a sufficiently inspected claim-level source for defensible L/P/F/O/S/V/I coding; no title-only or metadata-only claim admitted.
SCDA-A5E8B4C48503192F,zero_claim_source_insufficient,0,metadata_only,Frozen repository evidence does not establish a sufficiently inspected claim-level source for defensible L/P/F/O/S/V/I coding; no title-only or metadata-only claim admitted.
SCDA-1069781C3720613E,zero_claim_source_insufficient,0,abstract_only,Frozen repository evidence does not establish a sufficiently inspected claim-level source for defensible L/P/F/O/S/V/I coding; no title-only or metadata-only claim admitted.
SCDA-2922321021576FE5,zero_claim_source_insufficient,0,abstract_only,Frozen repository evidence does not establish a sufficiently inspected claim-level source for defensible L/P/F/O/S/V/I coding; no title-only or metadata-only claim admitted.
SCDA-BA5B8D6B0FDDFB3A,zero_claim_source_insufficient,0,abstract_only,Frozen repository evidence does not establish a sufficiently inspected claim-level source for defensible L/P/F/O/S/V/I coding; no title-only or metadata-only claim admitted.
SCDA-1CD94B29327368FF,zero_claim_source_insufficient,0,abstract_only,Frozen repository evidence does not establish a sufficiently inspected claim-level source for defensible L/P/F/O/S/V/I coding; no title-only or metadata-only claim admitted.
SCDA-35C33E2D3D6E9951,zero_claim_source_insufficient,0,abstract_only,Frozen repository evidence does not establish a sufficiently inspected claim-level source for defensible L/P/F/O/S/V/I coding; no title-only or metadata-only claim admitted.
SCDA-2F0479AFA9CA560C,zero_claim_source_insufficient,0,metadata_only,Frozen repository evidence does not establish a sufficiently inspected claim-level source for defensible L/P/F/O/S/V/I coding; no title-only or metadata-only claim admitted.
SCDA-E862C782DD356566,zero_claim_source_insufficient,0,abstract_only,Frozen repository evidence does not establish a sufficiently inspected claim-level source for defensible L/P/F/O/S/V/I coding; no title-only or metadata-only claim admitted.
SCDA-358EA1BA43735A0C,zero_claim_source_insufficient,0,metadata_only,Frozen repository evidence does not establish a sufficiently inspected claim-level source for defensible L/P/F/O/S/V/I coding; no title-only or metadata-only claim admitted.
SCDA-95D9AA3C817810CA,zero_claim_source_insufficient,0,abstract_only,Frozen repository evidence does not establish a sufficiently inspected claim-level source for defensible L/P/F/O/S/V/I coding; no title-only or metadata-only claim admitted.
SCDA-7E03C286D33DC6BB,zero_claim_source_insufficient,0,metadata_only,Frozen repository evidence does not establish a sufficiently inspected claim-level source for defensible L/P/F/O/S/V/I coding; no title-only or metadata-only claim admitted.
SCDA-1A5DFF0F42065364,zero_claim_source_insufficient,0,metadata_only,Frozen repository evidence does not establish a sufficiently inspected claim-level source for defensible L/P/F/O/S/V/I coding; no title-only or metadata-only claim admitted.
SCDA-0D75F65A5826DCFA,zero_claim_source_insufficient,0,abstract_only,Frozen repository evidence does not establish a sufficiently inspected claim-level source for defensible L/P/F/O/S/V/I coding; no title-only or metadata-only claim admitted.
SCDA-07AE6C0C9A1BFEAD,zero_claim_source_insufficient,0,abstract_only,Frozen repository evidence does not establish a sufficiently inspected claim-level source for defensible L/P/F/O/S/V/I coding; no title-only or metadata-only claim admitted.
SCDA-035DBE12CD0A9D0A,zero_claim_source_insufficient,0,metadata_only,Frozen repository evidence does not establish a sufficiently inspected claim-level source for defensible L/P/F/O/S/V/I coding; no title-only or metadata-only claim admitted.
SCDA-D318B7D5221DFAA5,zero_claim_source_insufficient,0,metadata_only,Frozen repository evidence does not establish a sufficiently inspected claim-level source for defensible L/P/F/O/S/V/I coding; no title-only or metadata-only claim admitted.
SCDA-CCA05B378409D013,zero_claim_source_insufficient,0,abstract_only,Frozen repository evidence does not establish a sufficiently inspected claim-level source for defensible L/P/F/O/S/V/I coding; no title-only or metadata-only claim admitted.
SCDA-7889249866B54DC2,zero_claim_source_insufficient,0,abstract_only,Frozen repository evidence does not establish a sufficiently inspected claim-level source for defensible L/P/F/O/S/V/I coding; no title-only or metadata-only claim admitted.
SCDA-E9AB330637F041A2,zero_claim_source_insufficient,0,abstract_only,Frozen repository evidence does not establish a sufficiently inspected claim-level source for defensible L/P/F/O/S/V/I coding; no title-only or metadata-only claim admitted.
SCDA-71CF6243F193B770,zero_claim_source_insufficient,0,abstract_only,Frozen repository evidence does not establish a sufficiently inspected claim-level source for defensible L/P/F/O/S/V/I coding; no title-only or metadata-only claim admitted.
SCDA-70CA87C411AEBD25,zero_claim_source_insufficient,0,metadata_only,Frozen repository evidence does not establish a sufficiently inspected claim-level source for defensible L/P/F/O/S/V/I coding; no title-only or metadata-only claim admitted.
SCDA-774A98EB82E65445,zero_claim_source_insufficient,0,abstract_only,Frozen repository evidence does not establish a sufficiently inspected claim-level source for defensible L/P/F/O/S/V/I coding; no title-only or metadata-only claim admitted.
SCDA-D5FAC3C18A71D033,zero_claim_source_insufficient,0,metadata_only,Frozen repository evidence does not establish a sufficiently inspected claim-level source for defensible L/P/F/O/S/V/I coding; no title-only or metadata-only claim admitted.
SCDA-7ACE1537E318CB75,zero_claim_source_insufficient,0,abstract_only,Frozen repository evidence does not establish a sufficiently inspected claim-level source for defensible L/P/F/O/S/V/I coding; no title-only or metadata-only claim admitted.
SCDA-9C5B8D2F487BAF2F,zero_claim_source_insufficient,0,abstract_only,Frozen repository evidence does not establish a sufficiently inspected claim-level source for defensible L/P/F/O/S/V/I coding; no title-only or metadata-only claim admitted.
SCDA-AC9AB729BC9640E5,zero_claim_source_insufficient,0,abstract_only,Frozen repository evidence does not establish a sufficiently inspected claim-level source for defensible L/P/F/O/S/V/I coding; no title-only or metadata-only claim admitted.
SCDA-4761AB96F1711739,zero_claim_source_insufficient,0,abstract_only,Frozen repository evidence does not establish a sufficiently inspected claim-level source for defensible L/P/F/O/S/V/I coding; no title-only or metadata-only claim admitted.
SCDA-FA7129D458C280B8,zero_claim_source_insufficient,0,abstract_only,Frozen repository evidence does not establish a sufficiently inspected claim-level source for defensible L/P/F/O/S/V/I coding; no title-only or metadata-only claim admitted.
SCDA-1E3FA61B87796836,zero_claim_source_insufficient,0,abstract_only,Frozen repository evidence does not establish a sufficiently inspected claim-level source for defensible L/P/F/O/S/V/I coding; no title-only or metadata-only claim admitted.
SCDA-E1C2C4F583A18848,zero_claim_source_insufficient,0,abstract_only,Frozen repository evidence does not establish a sufficiently inspected claim-level source for defensible L/P/F/O/S/V/I coding; no title-only or metadata-only claim admitted.
SCDA-D17F51213A1DAD5C,zero_claim_source_insufficient,0,abstract_only,Frozen repository evidence does not establish a sufficiently inspected claim-level source for defensible L/P/F/O/S/V/I coding; no title-only or metadata-only claim admitted.
SCDA-AD4A8B8416B297FA,zero_claim_source_insufficient,0,abstract_only,Frozen repository evidence does not establish a sufficiently inspected claim-level source for defensible L/P/F/O/S/V/I coding; no title-only or metadata-only claim admitted.
SCDA-0FFBA7086C9C3FBD,zero_claim_source_insufficient,0,abstract_only,Frozen repository evidence does not establish a sufficiently inspected claim-level source for defensible L/P/F/O/S/V/I coding; no title-only or metadata-only claim admitted.
SCDA-FD56F0A03A1F365B,zero_claim_source_insufficient,0,metadata_only,Frozen repository evidence does not establish a sufficiently inspected claim-level source for defensible L/P/F/O/S/V/I coding; no title-only or metadata-only claim admitted.
SCDA-5FA96D5E462CD299,zero_claim_source_insufficient,0,abstract_only,Frozen repository evidence does not establish a sufficiently inspected claim-level source for defensible L/P/F/O/S/V/I coding; no title-only or metadata-only claim admitted.
SCDA-1D0FB62E2CE68695,zero_claim_source_insufficient,0,abstract_only,Frozen repository evidence does not establish a sufficiently inspected claim-level source for defensible L/P/F/O/S/V/I coding; no title-only or metadata-only claim admitted.
SCDA-7788EDC7DC774123,zero_claim_source_insufficient,0,abstract_only,Frozen repository evidence does not establish a sufficiently inspected claim-level source for defensible L/P/F/O/S/V/I coding; no title-only or metadata-only claim admitted.
SCDA-1EE30D2E3EDFA3DF,zero_claim_source_insufficient,0,abstract_only,Frozen repository evidence does not establish a sufficiently inspected claim-level source for defensible L/P/F/O/S/V/I coding; no title-only or metadata-only claim admitted.
SCDA-7D3DFC4F79E1C76F,zero_claim_source_insufficient,0,abstract_only,Frozen repository evidence does not establish a sufficiently inspected claim-level source for defensible L/P/F/O/S/V/I coding; no title-only or metadata-only claim admitted.
SCDA-390FDAF9EF201084,zero_claim_source_insufficient,0,abstract_only,Frozen repository evidence does not establish a sufficiently inspected claim-level source for defensible L/P/F/O/S/V/I coding; no title-only or metadata-only claim admitted.
SCDA-58627531A6DE0439,zero_claim_source_insufficient,0,abstract_only,Frozen repository evidence does not establish a sufficiently inspected claim-level source for defensible L/P/F/O/S/V/I coding; no title-only or metadata-only claim admitted.
SCDA-E36ECA8AE9962BFD,zero_claim_source_insufficient,0,metadata_only,Frozen repository evidence does not establish a sufficiently inspected claim-level source for defensible L/P/F/O/S/V/I coding; no title-only or metadata-only claim admitted.
SCDA-A41F9CC572D9C63D,zero_claim_source_insufficient,0,abstract_only,Frozen repository evidence does not establish a sufficiently inspected claim-level source for defensible L/P/F/O/S/V/I coding; no title-only or metadata-only claim admitted.
SCDA-C84F25603C8EFC5F,zero_claim_source_insufficient,0,abstract_only,Frozen repository evidence does not establish a sufficiently inspected claim-level source for defensible L/P/F/O/S/V/I coding; no title-only or metadata-only claim admitted.
SCDA-8CA53D265D0645F4,zero_claim_source_insufficient,0,abstract_only,Frozen repository evidence does not establish a sufficiently inspected claim-level source for defensible L/P/F/O/S/V/I coding; no title-only or metadata-only claim admitted.
SCDA-C66454BF5D2D80F2,zero_claim_source_insufficient,0,metadata_only,Frozen repository evidence does not establish a sufficiently inspected claim-level source for defensible L/P/F/O/S/V/I coding; no title-only or metadata-only claim admitted.
SCDA-87BA79C25150A96F,zero_claim_source_insufficient,0,metadata_only,Frozen repository evidence does not establish a sufficiently inspected claim-level source for defensible L/P/F/O/S/V/I coding; no title-only or metadata-only claim admitted.
SCDA-C5049EE73BBBB81F,zero_claim_source_insufficient,0,abstract_only,Frozen repository evidence does not establish a sufficiently inspected claim-level source for defensible L/P/F/O/S/V/I coding; no title-only or metadata-only claim admitted.
SCDA-EC9B4441A0CF2DB7,zero_claim_source_insufficient,0,abstract_only,Frozen repository evidence does not establish a sufficiently inspected claim-level source for defensible L/P/F/O/S/V/I coding; no title-only or metadata-only claim admitted.
SCDA-71879321F95BA1E4,zero_claim_source_insufficient,0,abstract_only,Frozen repository evidence does not establish a sufficiently inspected claim-level source for defensible L/P/F/O/S/V/I coding; no title-only or metadata-only claim admitted.
SCDA-1C887626E7355676,zero_claim_source_insufficient,0,abstract_only,Frozen repository evidence does not establish a sufficiently inspected claim-level source for defensible L/P/F/O/S/V/I coding; no title-only or metadata-only claim admitted.
SCDA-0DC42F196B4E7006,zero_claim_source_insufficient,0,metadata_only,Frozen repository evidence does not establish a sufficiently inspected claim-level source for defensible L/P/F/O/S/V/I coding; no title-only or metadata-only claim admitted.
SCDA-C1C56331C84D9B0D,zero_claim_source_insufficient,0,metadata_only,Frozen repository evidence does not establish a sufficiently inspected claim-level source for defensible L/P/F/O/S/V/I coding; no title-only or metadata-only claim admitted.
SCDA-1F6853CC83FDB6C5,zero_claim_source_insufficient,0,metadata_only,Frozen repository evidence does not establish a sufficiently inspected claim-level source for defensible L/P/F/O/S/V/I coding; no title-only or metadata-only claim admitted.
SCDA-8891E87927797B9A,zero_claim_source_insufficient,0,metadata_only,Frozen repository evidence does not establish a sufficiently inspected claim-level source for defensible L/P/F/O/S/V/I coding; no title-only or metadata-only claim admitted.
SCDA-446D371CA217AD62,zero_claim_source_insufficient,0,abstract_only,Frozen repository evidence does not establish a sufficiently inspected claim-level source for defensible L/P/F/O/S/V/I coding; no title-only or metadata-only claim admitted.
SCDA-CC51500380305208,zero_claim_source_insufficient,0,abstract_only,Frozen repository evidence does not establish a sufficiently inspected claim-level source for defensible L/P/F/O/S/V/I coding; no title-only or metadata-only claim admitted.
