record_id,doi,title,source_status,source_type,source_identifier,source_location,full_text_status,acquisition_category,claim_coding_status,notes
SCDA-6A05AAB6735C1122,10.1287/mnsc.46.8.1032.12029,Supply Chain Inventory Management and the Value of Shared Information,verified,publisher,10.1287/mnsc.46.8.1032.12029,https://doi.org/10.1287/mnsc.46.8.1032.12029,abstract_only,abstract available; sufficiency requires claim-level review,not started,
SCDA-2D88D43AA4596F0B,10.1016/j.jom.2006.05.010,Bridging organization theory and supply chain management: The case of best value supply chains,verified,publisher,10.1016/j.jom.2006.05.010,https://doi.org/10.1016/j.jom.2006.05.010,full_text,full text available,coded tranche 1 - Reviewer A (AI-assisted),Source-supported claim recorded in data/production_claims_final_v1.csv; independent Coder B pending.
SCDA-1820CAFC035DE6C0,10.1016/j.jclepro.2012.10.042,An ISM approach for the barrier analysis in implementing green supply chain management,verified,publisher,10.1016/j.jclepro.2012.10.042,https://doi.org/10.1016/j.jclepro.2012.10.042,abstract_only,abstract available; sufficiency requires claim-level review,not started,
SCDA-8F6A8B45AFF680B0,10.1016/j.ijpe.2020.107831,Blockchain technology and the sustainable supply chain: Theoretically exploring adoption barriers,verified,publisher,10.1016/j.ijpe.2020.107831,https://doi.org/10.1016/j.ijpe.2020.107831,abstract_only,abstract available; sufficiency requires claim-level review,not started,
SCDA-D3D7FD60F72811E5,10.1002/j.2158-1592.2008.tb00072.x,GLOBAL SUPPLY CHAIN RISK MANAGEMENT,verified,publisher,10.1002/j.2158-1592.2008.tb00072.x,https://doi.org/10.1002/j.2158-1592.2008.tb00072.x,full_text,full text available,not started,
SCDA-0C8CFE7856BA08C5,10.3390/su16010131,How Do Uncertainties Affect Supply-Chain Resilience? The Moderating Role of Information Sharing for Sustainable Supply-Chain Management,verified,publisher,10.3390/su16010131,https://doi.org/10.3390/su16010131,full_text,full text available,coded tranche 1 - Reviewer A (AI-assisted),Source-supported claim recorded in data/production_claims_final_v1.csv; independent Coder B pending.
SCDA-4E5F1DA06096F898,10.1016/j.pursup.2012.12.001,Institutional-based antecedents and performance outcomes of internal and external green supply chain management practices,verified,publisher,10.1016/j.pursup.2012.12.001,https://doi.org/10.1016/j.pursup.2012.12.001,abstract_only,abstract available; sufficiency requires claim-level review,not started,
SCDA-CD3D5CD4045932C5,10.1108/13598541211212177,Sustainable supply chain management across the UK private sector,verified,repository,10.1108/13598541211212177,https://doi.org/10.1108/13598541211212177,abstract_only,abstract available; sufficiency requires claim-level review,not started,
SCDA-EF0F46D643950617,10.1108/scm-12-2013-0432,Putting sustainability into supply chain management,verified,repository,10.1108/scm-12-2013-0432,https://doi.org/10.1108/scm-12-2013-0432,abstract_only,abstract available; sufficiency requires claim-level review,not started,
SCDA-185EE6C128CF17AC,10.1108/ijopm-09-2022-0573,From supply chain risk to system-wide disruptions: research opportunities in forecasting risk management and product design,verified,publisher,10.1108/ijopm-09-2022-0573,https://doi.org/10.1108/ijopm-09-2022-0573,full_text,full text available,not started,
SCDA-E8668AF02ACCEDFE,10.1108/01443570510593148,Green supply chain management in China: pressures practices and performance,verified,repository,10.1108/01443570510593148,https://doi.org/10.1108/01443570510593148,abstract_only,abstract available; sufficiency requires claim-level review,not started,
SCDA-CEA447F444343728,10.1108/01443579610109910,Squaring lean supply with supply chain management,verified,scholarly_index,10.1108/01443579610109910,https://doi.org/10.1108/01443579610109910,abstract_only,abstract available; sufficiency requires claim-level review,not started,
SCDA-ED778AEC0A4928F1,10.4324/9781032633725-2,From Logistics to Supply Chain Management,verified,publisher,10.4324/9781032633725-2,https://doi.org/10.4324/9781032633725-2,full_text,full text available,not started,
SCDA-B5C2D3A0DB356E0D,,,verified,publisher,10.1016/j.jom.2005.09.001,https://doi.org/10.1016/j.jom.2005.09.001,abstract_only,abstract available; sufficiency requires claim-level review,not started,
SCDA-F036A295A3266013,,,verified,repository,10.1007/s11356-022-22483-1,https://doi.org/10.1007/s11356-022-22483-1,full_text,full text available,not started,
SCDA-2FBC776357E1D781,,,verified,publisher,10.1111/1467-9523.00158,https://doi.org/10.1111/1467-9523.00158,abstract_only,abstract available; sufficiency requires claim-level review,not started,
SCDA-2E6D0EAA736D7835,,,verified,publisher,10.1016/j.tifs.2019.07.034,https://doi.org/10.1016/j.tifs.2019.07.034,abstract_only,abstract available; sufficiency requires claim-level review,not started,
SCDA-15CC31629ED59E52,,,verified,publisher,10.1016/j.dcan.2022.03.020,https://doi.org/10.1016/j.dcan.2022.03.020,full_text,full text available,not started,
SCDA-19541B481311CD5E,,,verified,publisher,10.1016/j.jom.2007.01.009,https://doi.org/10.1016/j.jom.2007.01.009,full_text,full text available,coded tranche 1 - Reviewer A (AI-assisted),Source-supported claim recorded in data/production_claims_final_v1.csv; independent Coder B pending.
SCDA-022B3D0780AAD041,,,verified,publisher,10.1016/S0969-7012(00)00013-7,https://doi.org/10.1016/S0969-7012(00)00013-7,full_text,full text available,not started,
SCDA-75789FE57178638D,,,verified,publisher,10.1016/j.pursup.2023.100817,https://doi.org/10.1016/j.pursup.2023.100817,full_text,full text available,coded tranche 1 - Reviewer A (AI-assisted),Source-supported claim recorded in data/production_claims_final_v1.csv; independent Coder B pending.
SCDA-02F1C81148364031,,,verified,publisher,10.1108/RAMJ-08-2020-0047,https://doi.org/10.1108/RAMJ-08-2020-0047,full_text,full text available,not started,
SCDA-9A04B63D8A3CC542,,,verified,scholarly_index,10.1007/s10479-020-03708-3,https://doi.org/10.1007/s10479-020-03708-3,abstract_only,abstract available; sufficiency requires claim-level review,not started,
SCDA-EF14552B7A6036B9,,,verified,repository,10.1007/s12063-021-00200-4,https://doi.org/10.1007/s12063-021-00200-4,full_text,full text available,not started,
SCDA-EB0EFD3F7D383559,,,verified,publisher,10.1016/j.jom.2003.12.007,https://doi.org/10.1016/j.jom.2003.12.007,full_text,full text available,not started,
SCDA-CBCA9930F0DC220E,,,verified,publisher,10.1080/00207543.2018.1518610,https://doi.org/10.1080/00207543.2018.1518610,full_text,full text available,coded tranche 1 - Reviewer A (AI-assisted),Source-supported claim recorded in data/production_claims_final_v1.csv; independent Coder B pending.
SCDA-155A110258638134,,,verified,publisher,10.1108/ijpdlm-06-2022-0201,https://doi.org/10.1108/ijpdlm-06-2022-0201,abstract_only,abstract available; sufficiency requires claim-level review,not started,
SCDA-DB8765D9B34BEC74,,,verified,publisher,10.1016/j.jom.2008.09.006,https://doi.org/10.1016/j.jom.2008.09.006,abstract_only,abstract available; sufficiency requires claim-level review,not started,
SCDA-E3788130A0D273F9,,,verified,publisher,10.1080/00207543.2020.1750727,https://doi.org/10.1080/00207543.2020.1750727,full_text,full text available,coded tranche 1 - Reviewer A (AI-assisted),Source-supported claim recorded in data/production_claims_final_v1.csv; independent Coder B pending.
SCDA-04676CF6A2990885,,,verified,publisher,10.1080/00207543.2023.2179859,https://doi.org/10.1080/00207543.2023.2179859,abstract_only,abstract available; sufficiency requires claim-level review,not started,
SCDA-41CA547D57FC10EE,,,verified,publisher,10.1108/09600031111101439,https://doi.org/10.1108/09600031111101439,full_text,full text available,coded tranche 1 - Reviewer A (AI-assisted),Source-supported claim recorded in data/production_claims_final_v1.csv; independent Coder B pending.
SCDA-7A4838ADFC516866,,,verified,publisher,10.1016/j.jom.2003.02.003,https://doi.org/10.1016/j.jom.2003.02.003,full_text,full text available,coded tranche 1 - Reviewer A (AI-assisted),Source-supported claim recorded in data/production_claims_final_v1.csv; independent Coder B pending.
SCDA-3634857977A3026E,,,verified,publisher,10.3390/su12166300,https://doi.org/10.3390/su12166300,full_text,full text available,not started,
SCDA-8A24217DA1983EE1,,,verified,publisher,10.1108/imds-10-2017-0465,https://doi.org/10.1108/imds-10-2017-0465,full_text,full text available,coded tranche 1 - Reviewer A (AI-assisted),Source-supported claim recorded in data/production_claims_final_v1.csv; independent Coder B pending.
SCDA-02843BA913BE5140,,,verified,publisher,10.1108/mscra-11-2021-0021,https://doi.org/10.1108/mscra-11-2021-0021,abstract_only,abstract available; sufficiency requires claim-level review,not started,
SCDA-D08B6ECDCF712676,,,verified,publisher,10.3390/su11247239,https://doi.org/10.3390/su11247239,full_text,full text available,not started,
SCDA-79FC5C6A1F178DD1,,,verified,publisher,10.1108/09574090510617385,https://doi.org/10.1108/09574090510617385,full_text,full text available,not started,
SCDA-A283343262602A61,,,verified,publisher,10.1016/j.ijpe.2008.07.008,https://doi.org/10.1016/j.ijpe.2008.07.008,abstract_only,abstract available; sufficiency requires claim-level review,not started,
SCDA-07E9AACB161C3713,,,verified,publisher,10.1111/j.1745-493x.2009.03184.x,https://doi.org/10.1111/j.1745-493x.2009.03184.x,full_text,full text available,coded tranche 1 - Reviewer A (AI-assisted),Source-supported claim recorded in data/production_claims_final_v1.csv; independent Coder B pending.
SCDA-E613F5786DAE77EE,,,verified,scholarly_index,10.1108/09574090110806190,https://doi.org/10.1108/09574090110806190,abstract_only,abstract available; sufficiency requires claim-level review,not started,
SCDA-65A47BF23E8BCE0D,,,verified,publisher,10.1108/ijopm-09-2021-0608,https://doi.org/10.1108/ijopm-09-2021-0608,full_text,full text available,coded tranche 1 - Reviewer A (AI-assisted),Source-supported claim recorded in data/production_claims_final_v1.csv; independent Coder B pending.
SCDA-5C4AFFB5CC3D2A44,,,verified,publisher,10.1016/j.ijpe.2014.07.010,https://doi.org/10.1016/j.ijpe.2014.07.010,abstract_only,abstract available; sufficiency requires claim-level review,not started,
SCDA-BA7CDCDBF41E9BCA,,,verified,publisher,10.3390/asi4020029,https://doi.org/10.3390/asi4020029,full_text,full text available,not started,
SCDA-20FF861DC2FDFAE3,,,verified,publisher,10.1016/j.pursup.2007.11.001,https://doi.org/10.1016/j.pursup.2007.11.001,full_text,full text available,coded tranche 1 - Reviewer A (AI-assisted),Source-supported claim recorded in data/production_claims_final_v1.csv; independent Coder B pending.
SCDA-6ACBDB15D0AE49D3,,,verified,publisher,10.1080/09537287.2018.1449265,https://doi.org/10.1080/09537287.2018.1449265,full_text,full text available,coded tranche 1 - Reviewer A (AI-assisted),Source-supported claim recorded in data/production_claims_final_v1.csv; independent Coder B pending.
SCDA-33E89B8C9B87A6B8,,,verified,publisher,10.1111/j.1540-5915.1998.tb01355.x,https://doi.org/10.1111/j.1540-5915.1998.tb01355.x,full_text,full text available,coded tranche 1 - Reviewer A (AI-assisted),Source-supported claim recorded in data/production_claims_final_v1.csv; independent Coder B pending.
SCDA-39E11CF2CCE0E648,,,verified,publisher,10.1016/s0019-8501(99)00111-x,https://doi.org/10.1016/S0019-8501(99)00111-X,abstract_only,abstract available; sufficiency requires claim-level review,not started,
SCDA-3E6D580320CE0756,,,verified,repository,10.1007/978-0-387-79934-6_17,https://doi.org/10.1007/978-0-387-79934-6_17,full_text,full text available,coded tranche 1 - Reviewer A (AI-assisted),Source-supported claim recorded in data/production_claims_final_v1.csv; independent Coder B pending.
SCDA-7898E5F5056F9EC2,,,verified,doi_record,10.1111/j.1467-8551.1996.tb00147.x,DOI/publisher or scholarly repository metadata,abstract_only,abstract available; sufficiency requires claim-level review,not started,
SCDA-0E164A5BD5C47839,,,verified,doi_record,10.1080/00207543.2021.1884310,DOI/publisher or scholarly repository metadata,abstract_only,abstract available; sufficiency requires claim-level review,not started,
SCDA-0620D79AE96B6A58,,,verified,doi_record,10.1080/00207543.2018.1488086,DOI/publisher or scholarly repository metadata,abstract_only,abstract available; sufficiency requires claim-level review,not started,
SCDA-6969D4A8E9A0CA60,,,verified,doi_record,10.3390/su10040916,DOI/publisher or scholarly repository metadata,abstract_only,abstract available; sufficiency requires claim-level review,not started,
SCDA-6278BB7DE52586ED,,,verified,doi_record,10.1016/j.ijpe.2003.08.003,DOI/publisher or scholarly repository metadata,abstract_only,abstract available; sufficiency requires claim-level review,not started,
SCDA-08D08F3D43EAFA9E,,,verified,doi_record,10.1080/09537287.2021.1882690,DOI/publisher or scholarly repository metadata,abstract_only,abstract available; sufficiency requires claim-level review,not started,
SCDA-2B8627A85745EEE0,,,verified,doi_record,10.1080/00207543.2011.571937,DOI/publisher or scholarly repository metadata,abstract_only,abstract available; sufficiency requires claim-level review,not started,
SCDA-952D81CE3EA7EE6C,,,verified,doi_record,10.1007/s10479-018-2981-1,DOI/publisher or scholarly repository metadata,abstract_only,abstract available; sufficiency requires claim-level review,not started,
SCDA-34F1AF662127F7DF,,,verified,doi_record,10.1016/j.dss.2006.02.011,DOI/publisher or scholarly repository metadata,abstract_only,abstract available; sufficiency requires claim-level review,not started,
SCDA-9B53C0DDA5E38B0C,,,verified,doi_record,10.1016/s0272-6963(96)00091-5,DOI/publisher or scholarly repository metadata,abstract_only,abstract available; sufficiency requires claim-level review,not started,
SCDA-4C6149F816459F76,,,verified,doi_record,10.1016/j.sftr.2022.100102,DOI/publisher or scholarly repository metadata,abstract_only,abstract available; sufficiency requires claim-level review,not started,
SCDA-CD6AA0FFF0CD9DA9,,,verified,doi_record,10.1108/jhlscm-07-2020-0061,DOI/publisher or scholarly repository metadata,abstract_only,abstract available; sufficiency requires claim-level review,not started,
SCDA-1E15B95B1535302F,,,verified,doi_record,10.1002/bse.2392,DOI/publisher or scholarly repository metadata,abstract_only,abstract available; sufficiency requires claim-level review,not started,
SCDA-B6FFA238DDF5FF86,,,verified,doi_record,10.24251/hicss.2017.506,DOI/publisher or scholarly repository metadata,abstract_only,abstract available; sufficiency requires claim-level review,not started,
SCDA-D57E787D5757E7AC,,,verified,doi_record,10.1080/00207543.2018.1533261,DOI/publisher or scholarly repository metadata,abstract_only,abstract available; sufficiency requires claim-level review,not started,
SCDA-C91A983A7ABEE286,,,verified,doi_record,10.1111/j.1745-493x.2008.00051.x,DOI/publisher or scholarly repository metadata,abstract_only,abstract available; sufficiency requires claim-level review,not started,
SCDA-1427AB061579E480,,,verified,doi_record,10.1016/j.joule.2017.08.019,DOI/publisher or scholarly repository metadata,abstract_only,abstract available; sufficiency requires claim-level review,not started,
SCDA-34A5FEA61002F29B,,,verified,doi_record,10.1016/s0377-2217(02)00550-7,DOI/publisher or scholarly repository metadata,abstract_only,abstract available; sufficiency requires claim-level review,not started,
SCDA-C32174361BF0F084,,,verified,doi_record,10.1108/01443570210427659,DOI/publisher or scholarly repository metadata,abstract_only,abstract available; sufficiency requires claim-level review,not started,
SCDA-3869C010B6BFE150,,,verified,doi_record,10.1287/mnsc.46.5.626.12047,Frozen metadata abstract and DOI record,abstract_only,abstract available; sufficiency requires claim-level review,not started,
SCDA-632EAB1865D7082E,,,verified,doi_record,10.3390/su13052943,Frozen metadata abstract and DOI record,abstract_only,abstract available; sufficiency requires claim-level review,not started,
SCDA-7E1F894E893E86A9,,,verified,doi_record,10.1111/jscm.12248,Frozen metadata abstract and DOI record,abstract_only,abstract available; sufficiency requires claim-level review,not started,
SCDA-738DF52F7D2FD1AD,,,verified,doi_record,10.1108/13598540310484618,Frozen metadata abstract and DOI record,abstract_only,abstract available; sufficiency requires claim-level review,not started,
SCDA-E2847B62565ED01F,,,verified,doi_record,10.1007/s10551-006-9038-0,Frozen metadata title and DOI record,metadata_only,metadata_only,not started,
SCDA-1659FCEB7FE9C3BF,,,verified,doi_record,10.4102/jtscm.v11i0.325,Frozen metadata abstract and DOI record,abstract_only,abstract available; sufficiency requires claim-level review,not started,
SCDA-FDEAE3AB5784EF00,,,verified,doi_record,10.1108/ijlm-09-2023-0381,Frozen metadata abstract and DOI record,abstract_only,abstract available; sufficiency requires claim-level review,not started,
SCDA-45E25F94BD319D48,,,verified,doi_record,10.1002/smj.627,Frozen metadata abstract and DOI record,abstract_only,abstract available; sufficiency requires claim-level review,not started,
SCDA-F92ABE6BA2FDA75F,,,verified,doi_record,10.1080/00207543.2019.1566666,Frozen metadata abstract and DOI record,abstract_only,abstract available; sufficiency requires claim-level review,not started,
SCDA-CA7F89285341F05B,,,verified,doi_record,10.1287/mnsc.1060.0515,Frozen metadata abstract and DOI record,abstract_only,abstract available; sufficiency requires claim-level review,not started,
SCDA-8EF428993DA027E1,,,verified,doi_or_scholarly_record,,Frozen metadata abstract/title and DOI or scholarly record,metadata_only,metadata_only,not started,
SCDA-1CEB37A0F190818F,,,verified,doi_or_scholarly_record,10.1016/j.ijpe.2023.108817,Frozen metadata abstract/title and DOI or scholarly record,abstract_only,abstract available; sufficiency requires claim-level review,not started,
SCDA-83417DE94A161205,,,verified,doi_or_scholarly_record,10.1016/j.foodcont.2013.11.007,Frozen metadata abstract/title and DOI or scholarly record,abstract_only,abstract available; sufficiency requires claim-level review,not started,
SCDA-D68A21C52181B5D4,,,verified,doi_or_scholarly_record,10.1287/inte.25.1.69,Frozen metadata abstract/title and DOI or scholarly record,abstract_only,abstract available; sufficiency requires claim-level review,not started,
SCDA-BA0C559B1E781920,,,verified,doi_or_scholarly_record,10.1016/j.jclepro.2014.05.068,Frozen metadata abstract/title and DOI or scholarly record,abstract_only,abstract available; sufficiency requires claim-level review,not started,
SCDA-6A1CDD1AB7669425,,,verified,doi_or_scholarly_record,10.1016/j.jom.2005.01.002,Frozen metadata abstract/title and DOI or scholarly record,abstract_only,abstract available; sufficiency requires claim-level review,not started,
SCDA-D7884136FEFFEA0D,,,verified,doi_or_scholarly_record,10.1108/ijopm-03-2024-0271,Frozen metadata abstract/title and DOI or scholarly record,abstract_only,abstract available; sufficiency requires claim-level review,not started,
SCDA-226A03165317D38A,,,verified,doi_or_scholarly_record,10.1108/17590831211259727,Frozen metadata abstract/title and DOI or scholarly record,abstract_only,abstract available; sufficiency requires claim-level review,not started,
SCDA-E9221F3B0770C50D,,,verified,doi_or_scholarly_record,10.1287/mnsc.48.9.1196.177,Frozen metadata abstract/title and DOI or scholarly record,abstract_only,abstract available; sufficiency requires claim-level review,not started,
SCDA-224E04FC19891E4B,,,verified,doi_or_scholarly_record,10.1016/j.jom.2007.01.003,Frozen metadata abstract/title and DOI or scholarly record,abstract_only,abstract available; sufficiency requires claim-level review,not started,
SCDA-B0F3DE3C04B23697,,,verified,doi_or_scholarly_record,10.1108/jbim-02-2023-0106,Frozen metadata abstract/title and DOI or scholarly record,abstract_only,abstract available; sufficiency requires claim-level review,not started,
SCDA-03152AEC0744A91C,,,verified,doi_or_scholarly_record,10.1108/02635570710719089,Frozen metadata abstract/title and DOI or scholarly record,abstract_only,abstract available; sufficiency requires claim-level review,not started,
SCDA-7FF9D33AF7071532,,,verified,doi_or_scholarly_record,10.1109/iot-tuscany.2018.8373021,Frozen Stage-1 metadata title/abstract and bibliographic record,abstract_only,abstract available; sufficiency requires claim-level review,not started,
SCDA-958511A9734B6E89,,,verified,doi_or_scholarly_record,10.1108/13598540410517566,Frozen Stage-1 metadata title/abstract and bibliographic record,abstract_only,abstract available; sufficiency requires claim-level review,not started,
SCDA-BA73962C0784A60D,,,verified,doi_or_scholarly_record,10.1016/s0019-8501(00)00142-5,Frozen Stage-1 metadata title/abstract and bibliographic record,metadata_only,metadata_only,not started,
SCDA-7F98C0AB1A5117B0,,,verified,doi_or_scholarly_record,10.3390/su16073082,Frozen Stage-1 metadata title/abstract and bibliographic record,abstract_only,abstract available; sufficiency requires claim-level review,not started,
SCDA-8B677F8202FBB317,,,verified,doi_or_scholarly_record,10.1016/s0022-4359(00)00040-3,Frozen Stage-1 metadata title/abstract and bibliographic record,metadata_only,metadata_only,not started,
SCDA-905A4787A9B70A04,,,verified,doi_or_scholarly_record,10.1287/opre.41.5.835,Frozen Stage-1 metadata title/abstract and bibliographic record,abstract_only,abstract available; sufficiency requires claim-level review,not started,
SCDA-1C98FE6861695B38,,,verified,doi_or_scholarly_record,10.1108/ijpdlm-08-2012-0243,Frozen Stage-1 metadata title/abstract and bibliographic record,abstract_only,abstract available; sufficiency requires claim-level review,not started,
SCDA-572721A1758541D8,,,verified,doi_or_scholarly_record,10.30574/wjarr.2025.25.2.0572,Frozen Stage-1 metadata title/abstract and bibliographic record,abstract_only,abstract available; sufficiency requires claim-level review,not started,
SCDA-5E6599C35F3378F3,,,verified,doi_or_scholarly_record,10.1016/j.ejor.2003.08.016,Frozen Stage-1 metadata title/abstract and bibliographic record,metadata_only,metadata_only,not started,
SCDA-77D717BF36E15FCC,,,verified,doi_or_scholarly_record,,Frozen Stage-1 metadata title/abstract and bibliographic record,abstract_only,abstract available; sufficiency requires claim-level review,not started,
SCDA-39081D54A0311EB7,,,verified,doi_or_scholarly_record,,Frozen Stage-1 metadata title/abstract and bibliographic record,abstract_only,abstract available; sufficiency requires claim-level review,not started,
SCDA-5D3CADC5D6E82115,,,verified,doi_or_scholarly_record,,Frozen Stage-1 metadata title/abstract and bibliographic record,abstract_only,abstract available; sufficiency requires claim-level review,not started,
SCDA-A9C2791787D59DA7,,,verified,doi_or_scholarly_record,,Frozen Stage-1 metadata title/abstract and bibliographic record,abstract_only,abstract available; sufficiency requires claim-level review,not started,
SCDA-52D6EFFB36155C39,,,verified,doi_or_scholarly_record,10.1108/09574090410700275,Frozen Stage-1 metadata title/abstract and bibliographic record,abstract_only,abstract available; sufficiency requires claim-level review,not started,
SCDA-A609A3B3FBEC015F,,,verified,doi_or_scholarly_record,10.1007/s10479-018-2882-3,Frozen Stage-1 metadata title/abstract and bibliographic record,metadata_only,metadata_only,not started,
SCDA-870400DB19B9E0B8,,,verified,doi_or_scholarly_record,10.1016/j.tre.2020.102067,Frozen Stage-1 metadata title/abstract and bibliographic record,metadata_only,metadata_only,not started,
SCDA-5B41A6117BE3392B,,,verified,doi_or_scholarly_record,10.1108/jbsed-04-2021-0051,Frozen Stage-1 metadata title/abstract and bibliographic record,abstract_only,abstract available; sufficiency requires claim-level review,not started,
SCDA-4E07885F233F8079,,,verified,doi_or_scholarly_record,10.1108/09600039110002225,Frozen Stage-1 metadata title/abstract and bibliographic record,abstract_only,abstract available; sufficiency requires claim-level review,not started,
SCDA-A0BB2CA27E6EB57E,,,verified,doi_or_scholarly_record,10.2307/41165933,Frozen Stage-1 metadata title/abstract and bibliographic record,abstract_only,abstract available; sufficiency requires claim-level review,not started,
SCDA-4E86C960A52AD39A,,,verified,doi_or_scholarly_record,10.1016/j.resconrec.2021.105421,Frozen Stage-1 metadata title/abstract and bibliographic record,metadata_only,metadata_only,not started,
SCDA-00F171726A559155,,,verified,doi_or_scholarly_record,10.1287/mnsc.46.3.436.12069,Frozen Stage-1 metadata title/abstract and bibliographic record,abstract_only,abstract available; sufficiency requires claim-level review,not started,
SCDA-AD4D8BD389CE7918,,,verified,doi_or_scholarly_record,10.3390/su12010154,Frozen Stage-1 metadata title/abstract and bibliographic record,abstract_only,abstract available; sufficiency requires claim-level review,not started,
SCDA-07B1AC21DFF2B49B,,,verified,doi_or_scholarly_record,10.3390/su13042204,Frozen Stage-1 metadata title/abstract and bibliographic record,abstract_only,abstract available; sufficiency requires claim-level review,not started,
SCDA-18114EDAF98B9C68,,,verified,doi_or_scholarly_record,10.1057/palgrave.jors.2602125,Frozen Stage-1 metadata title/abstract and bibliographic record,abstract_only,abstract available; sufficiency requires claim-level review,not started,
SCDA-C854EC925A7D7866,,,verified,doi_or_scholarly_record,10.3390/su12135416,Frozen Stage-1 metadata title/abstract and bibliographic record,abstract_only,abstract available; sufficiency requires claim-level review,not started,
SCDA-36320CEB8B00DD67,,,verified,doi_or_scholarly_record,10.1016/j.ijpe.2013.08.018,Frozen Stage-1 metadata title/abstract and bibliographic record,metadata_only,metadata_only,not started,
SCDA-7D04FA3447947F6C,,,verified,doi_or_scholarly_record,10.1590/0104-530x3800-20,Frozen Stage-1 metadata title/abstract and bibliographic record,abstract_only,abstract available; sufficiency requires claim-level review,not started,
SCDA-FA238030F2DB62A1,,,verified,doi_or_scholarly_record,10.1007/s10479-023-05242-4,Frozen Stage-1 metadata title/abstract and bibliographic record,abstract_only,abstract available; sufficiency requires claim-level review,not started,
SCDA-096845C47656A66A,,,verified,doi_or_scholarly_record,,Frozen Stage-1 metadata title/abstract and bibliographic record,abstract_only,abstract available; sufficiency requires claim-level review,not started,
SCDA-0F44EF537B9272D6,,,verified,doi_or_scholarly_record,10.1108/13598549910284480,Frozen Stage-1 metadata title/abstract and bibliographic record,abstract_only,abstract available; sufficiency requires claim-level review,not started,
SCDA-6DE86D85A995383D,,,verified,doi_or_scholarly_record,10.1016/0377-2217(96)00098-7,Frozen Stage-1 metadata title/abstract and bibliographic record,metadata_only,metadata_only,not started,
SCDA-ED89568A4B1A8039,,,verified,doi_or_scholarly_record,10.1016/s0925-5273(98)00223-0,Frozen Stage-1 metadata title/abstract and bibliographic record,metadata_only,metadata_only,not started,
SCDA-AC0C7F6E8E42A126,,,verified,doi_or_scholarly_record,10.3390/pr8111431,Frozen Stage-1 metadata title/abstract and bibliographic record,abstract_only,abstract available; sufficiency requires claim-level review,not started,
SCDA-5B4C14AFEEDE46ED,,,verified,doi_or_scholarly_record,10.1287/opre.1080.0628,Frozen Stage-1 metadata title/abstract and bibliographic record,abstract_only,abstract available; sufficiency requires claim-level review,not started,
SCDA-578DB794283BB804,,,verified,doi_or_scholarly_record,10.3390/jrfm13080173,Frozen Stage-1 metadata title/abstract and bibliographic record,abstract_only,abstract available; sufficiency requires claim-level review,not started,
SCDA-B68AFCAC8A6AC540,,,verified,doi_or_scholarly_record,10.1016/j.omega.2015.05.015,Frozen Stage-1 metadata title/abstract and bibliographic record,metadata_only,metadata_only,not started,
SCDA-0391AABBAF439B86,,,verified,doi_or_scholarly_record,10.1108/09574090210806333,Frozen Stage-1 metadata title/abstract and bibliographic record,abstract_only,abstract available; sufficiency requires claim-level review,not started,
SCDA-4482E8F10B518812,,,verified,doi_or_scholarly_record,10.1016/j.cie.2023.109055,Frozen Stage-1 metadata title/abstract and bibliographic record,metadata_only,metadata_only,not started,
SCDA-F97561D234D03517,,,verified,doi_or_scholarly_record,10.1111/emre.12449,Frozen Stage-1 metadata title/abstract and bibliographic record,abstract_only,abstract available; sufficiency requires claim-level review,not started,
SCDA-CF690AAC20DB9C1E,,,verified,doi_or_scholarly_record,10.1016/j.jom.2010.12.008,Frozen Stage-1 metadata title/abstract and bibliographic record,abstract_only,abstract available; sufficiency requires claim-level review,not started,
SCDA-CE4A6DD0233B9B96,,,verified,doi_or_scholarly_record,10.1016/j.tre.2024.103613,Frozen Stage-1 metadata title/abstract and bibliographic record,metadata_only,metadata_only,not started,
SCDA-E72341D081E737E0,,,verified,doi_or_scholarly_record,10.3390/su142114626,Frozen Stage-1 metadata title/abstract and bibliographic record,abstract_only,abstract available; sufficiency requires claim-level review,not started,
SCDA-D0C596D502603E3C,,,verified,doi_or_scholarly_record,10.1016/s0959-6526(02)00062-8,Frozen Stage-1 metadata title/abstract and bibliographic record,metadata_only,metadata_only,not started,
SCDA-9F07A9B0D7A1F06A,,,verified,doi_or_scholarly_record,10.1007/s10098-023-02538-8,Frozen Stage-1 metadata title/abstract and bibliographic record,metadata_only,metadata_only,not started,
SCDA-F6E266BE68803CDA,,,verified,doi_or_scholarly_record,10.3389/fbloc.2021.506436,Frozen Stage-1 metadata title/abstract and bibliographic record,abstract_only,abstract available; sufficiency requires claim-level review,not started,
SCDA-1C46D7EDBEAB9486,,,verified,doi_or_scholarly_record,10.1016/j.omega.2004.03.012,Frozen Stage-1 metadata title/abstract and bibliographic record,metadata_only,metadata_only,not started,
SCDA-D0254A3669CEF1D7,,,verified,doi_or_scholarly_record,10.18757/jscms.2023.6986,Frozen Stage-1 metadata title/abstract and bibliographic record,abstract_only,abstract available; sufficiency requires claim-level review,not started,
SCDA-07DA548C62739EE6,,,verified,doi_or_scholarly_record,10.1016/j.tre.2004.07.001,Frozen Stage-1 metadata title/abstract and bibliographic record,metadata_only,metadata_only,not started,
SCDA-2D1BF125A4C4FAFB,,,verified,doi_or_scholarly_record,10.1016/j.jclepro.2008.06.001,Frozen Stage-1 metadata title/abstract and bibliographic record,metadata_only,metadata_only,not started,
SCDA-5E5E58DD68C8BE5F,,,verified,doi_or_scholarly_record,10.1080/00207543.2024.2387074,Frozen Stage-1 metadata title/abstract and bibliographic record,abstract_only,abstract available; sufficiency requires claim-level review,not started,
SCDA-4A8C0262D1138A18,,,verified,doi_or_scholarly_record,10.1111/j.1540-5915.1998.tb01356.x,Frozen Stage-1 metadata title/abstract and bibliographic record,abstract_only,abstract available; sufficiency requires claim-level review,not started,
SCDA-B85DC0AC5848A46B,,,verified,doi_or_scholarly_record,10.33889/ijmems.2020.5.6.111,Frozen Stage-1 metadata title/abstract and bibliographic record,abstract_only,abstract available; sufficiency requires claim-level review,not started,
SCDA-DF971B33FBF18042,,,verified,doi_or_scholarly_record,10.51594/csitrj.v5i3.976,Frozen Stage-1 metadata title/abstract and bibliographic record,abstract_only,abstract available; sufficiency requires claim-level review,not started,
SCDA-095E806A1498C7C4,,,verified,doi_or_scholarly_record,10.1002/j.2158-1592.2004.tb00170.x,Frozen Stage-1 metadata title/abstract and bibliographic record,abstract_only,abstract available; sufficiency requires claim-level review,not started,
SCDA-195B7634BAA4FCD9,,,verified,doi_or_scholarly_record,10.1111/j.1540-5915.2007.00151.x,Frozen Stage-1 metadata title/abstract and bibliographic record,abstract_only,abstract available; sufficiency requires claim-level review,not started,
SCDA-1843196E766673B0,,,verified,doi_or_scholarly_record,10.1287/inte.30.3.125.11656,Frozen Stage-1 metadata title/abstract and bibliographic record,abstract_only,abstract available; sufficiency requires claim-level review,not started,
SCDA-8964580D24727738,,,verified,doi_or_scholarly_record,10.1016/j.ijpe.2021.108250,Frozen Stage-1 metadata title/abstract and bibliographic record,metadata_only,metadata_only,not started,
SCDA-9B53CF6B2D8A54EC,,,verified,doi_or_scholarly_record,10.1080/00207543.2020.1722860,Frozen Stage-1 metadata title/abstract and bibliographic record,abstract_only,abstract available; sufficiency requires claim-level review,not started,
SCDA-D7F5DB4E243B075B,,,verified,doi_or_scholarly_record,10.1016/j.jclepro.2018.04.159,Frozen Stage-1 metadata title/abstract and bibliographic record,abstract_only,abstract available; sufficiency requires claim-level review,not started,
SCDA-E41C21D3A076EAD5,,,verified,doi_or_scholarly_record,10.1016/j.ijpe.2021.108279,Frozen Stage-1 metadata title/abstract and bibliographic record,metadata_only,metadata_only,not started,
SCDA-971CFA325BDDD0B7,,,verified,doi_or_scholarly_record,10.1007/s13520-021-00137-8,Frozen Stage-1 metadata title/abstract and bibliographic record,metadata_only,metadata_only,not started,
SCDA-C542D85504447F81,,,verified,doi_or_scholarly_record,10.3390/math10081233,Frozen Stage-1 metadata title/abstract and bibliographic record,abstract_only,abstract available; sufficiency requires claim-level review,not started,
SCDA-3F9E0BD81EEA69BB,,,verified,doi_or_scholarly_record,10.1108/scm-09-2018-0309,Frozen Stage-1 metadata title/abstract and bibliographic record,abstract_only,abstract available; sufficiency requires claim-level review,not started,
SCDA-B6B85049620795E5,,,verified,doi_or_scholarly_record,10.1016/j.omega.2022.102720,Frozen Stage-1 metadata title/abstract and bibliographic record,metadata_only,metadata_only,not started,
SCDA-4C621C751D468890,,,verified,doi_or_scholarly_record,10.1007/s12063-021-00226-8,Frozen Stage-1 metadata title/abstract and bibliographic record,metadata_only,metadata_only,not started,
SCDA-351B14801F045F44,,,verified,doi_or_scholarly_record,10.1201/1078/44912.22.1.20051201/85739.7,Frozen Stage-1 metadata title/abstract and bibliographic record,abstract_only,abstract available; sufficiency requires claim-level review,not started,
SCDA-1ADB8DC751AA397F,,,verified,doi_or_scholarly_record,10.1016/j.cie.2017.11.017,Frozen Stage-1 metadata title/abstract and bibliographic record,metadata_only,metadata_only,not started,
SCDA-E180FD6120CB2B29,,,verified,doi_or_scholarly_record,10.1108/ijopm-02-2015-0078,Frozen Stage-1 metadata title/abstract and bibliographic record,abstract_only,abstract available; sufficiency requires claim-level review,not started,
SCDA-2BDA05A568F5FA46,,,verified,doi_or_scholarly_record,10.1108/scm-02-2015-0046,Frozen Stage-1 metadata title/abstract and bibliographic record,abstract_only,abstract available; sufficiency requires claim-level review,not started,
SCDA-03605658CB7FF82A,,,verified,doi_or_scholarly_record,10.2307/25148729,Frozen Stage-1 metadata title/abstract and bibliographic record,abstract_only,abstract available; sufficiency requires claim-level review,not started,
SCDA-52D41F86A63D9BCA,,,verified,doi_or_scholarly_record,10.1080/09537287.2020.1768450,Frozen Stage-1 metadata title/abstract and bibliographic record,abstract_only,abstract available; sufficiency requires claim-level review,not started,
SCDA-259F49DC9200E32B,,,verified,doi_or_scholarly_record,10.1016/j.ejor.2004.03.001,Frozen Stage-1 metadata title/abstract and bibliographic record,metadata_only,metadata_only,not started,
SCDA-FD2218EC505A4574,,,verified,doi_or_scholarly_record,10.1108/13598540510578351,Frozen Stage-1 metadata title/abstract and bibliographic record,abstract_only,abstract available; sufficiency requires claim-level review,not started,
SCDA-89BCA14D75044640,,,verified,doi_or_scholarly_record,10.1016/j.tre.2021.102279,Frozen Stage-1 metadata title/abstract and bibliographic record,metadata_only,metadata_only,not started,
SCDA-9C452CE0B53244C7,,,verified,doi_or_scholarly_record,10.1016/j.tre.2020.101922,Frozen Stage-1 metadata title/abstract and bibliographic record,metadata_only,metadata_only,not started,
SCDA-AED7AE8C14C77935,,,verified,doi_or_scholarly_record,10.1016/j.indmarman.2005.12.004,Frozen Stage-1 metadata title/abstract and bibliographic record,metadata_only,metadata_only,not started,
SCDA-7DB16090DBD9DBC4,,,verified,doi_or_scholarly_record,10.1111/1467-8551.12648,Frozen Stage-1 metadata title/abstract and bibliographic record,abstract_only,abstract available; sufficiency requires claim-level review,not started,
SCDA-070C2D874351A2F1,,,verified,doi_or_scholarly_record,10.1111/jbl.12010,Frozen Stage-1 metadata title/abstract and bibliographic record,abstract_only,abstract available; sufficiency requires claim-level review,not started,
SCDA-8CEE51F63980363A,,,verified,doi_or_scholarly_record,10.38124/ijisrt/ijisrt24may207,Frozen Stage-1 metadata title/abstract and bibliographic record,abstract_only,abstract available; sufficiency requires claim-level review,not started,
SCDA-9E47BF7CFA16076C,,,verified,doi_or_scholarly_record,10.1016/j.jenvman.2006.09.003,Frozen Stage-1 metadata title/abstract and bibliographic record,metadata_only,metadata_only,not started,
SCDA-E08DCDED96CC072A,,,verified,doi_or_scholarly_record,10.1016/j.jclepro.2011.06.010,Frozen Stage-1 metadata title/abstract and bibliographic record,metadata_only,metadata_only,not started,
SCDA-C435347EC4434316,,,verified,doi_or_scholarly_record,10.1108/13598549610155260,Frozen Stage-1 metadata title/abstract and bibliographic record,abstract_only,abstract available; sufficiency requires claim-level review,not started,
SCDA-951E1199289CBCC6,,,verified,doi_or_scholarly_record,10.1016/j.jand.2018.09.001,Frozen Stage-1 metadata title/abstract and bibliographic record,abstract_only,abstract available; sufficiency requires claim-level review,not started,
SCDA-8F840F5736968938,,,verified,doi_or_scholarly_record,10.1111/jscm.12050,Frozen Stage-1 metadata title/abstract and bibliographic record,abstract_only,abstract available; sufficiency requires claim-level review,not started,
SCDA-515030B7906AFB0E,,,verified,doi_or_scholarly_record,10.1108/13598540410550019,Frozen Stage-1 metadata title/abstract and bibliographic record,abstract_only,abstract available; sufficiency requires claim-level review,not started,
SCDA-14CAD6D0AD17E1F8,,,verified,doi_or_scholarly_record,10.1108/01443570510613956,Frozen Stage-1 metadata title/abstract and bibliographic record,abstract_only,abstract available; sufficiency requires claim-level review,not started,
SCDA-2F4A87EA432BCE53,,,verified,doi_or_scholarly_record,10.1007/978-1-4615-1599-9_5,Frozen Stage-1 metadata title/abstract and bibliographic record,metadata_only,metadata_only,not started,
SCDA-D59EE7839F765F6A,,,verified,doi_or_scholarly_record,10.30574/ijsra.2025.14.1.0027,Frozen Stage-1 metadata title/abstract and bibliographic record,abstract_only,abstract available; sufficiency requires claim-level review,not started,
SCDA-697A697D1B0FFEAD,,,verified,doi_or_scholarly_record,10.1080/13675560310001627016,Frozen Stage-1 metadata title/abstract and bibliographic record,abstract_only,abstract available; sufficiency requires claim-level review,not started,
SCDA-9BD2D149C54F4C49,,,verified,doi_or_scholarly_record,10.1108/scm-02-2023-0064,Frozen Stage-1 metadata title/abstract and bibliographic record,abstract_only,abstract available; sufficiency requires claim-level review,not started,
SCDA-80E35A5063C1CE2F,,,verified,doi_or_scholarly_record,10.1108/09600031211231344,Frozen Stage-1 metadata title/abstract and bibliographic record,abstract_only,abstract available; sufficiency requires claim-level review,not started,
SCDA-EBA082C431052656,,,verified,doi_or_scholarly_record,10.1080/13675560500405584,Frozen Stage-1 metadata title/abstract and bibliographic record,abstract_only,abstract available; sufficiency requires claim-level review,not started,
SCDA-AC0D358AE22F2D6F,,,verified,doi_or_scholarly_record,10.1016/j.jclepro.2017.06.093,Frozen Stage-1 metadata title/abstract and bibliographic record,metadata_only,metadata_only,not started,
SCDA-45E064CE9B744014,,,verified,doi_or_scholarly_record,10.1111/j.1937-5956.2005.tb00009.x,Frozen Stage-1 metadata title/abstract and bibliographic record,abstract_only,abstract available; sufficiency requires claim-level review,not started,
SCDA-DC15ACB0834082A3,,,verified,doi_or_scholarly_record,10.1016/j.jii.2022.100393,Frozen Stage-1 metadata title/abstract and bibliographic record,metadata_only,metadata_only,not started,
SCDA-2A8A1959CCD4AB2F,,,verified,doi_or_scholarly_record,10.1016/j.jclepro.2018.09.062,Frozen Stage-1 metadata title/abstract and bibliographic record,metadata_only,metadata_only,not started,
SCDA-DD02E3D3EAF3CDFA,,,verified,doi_or_scholarly_record,10.1111/cjag.12237,Frozen Stage-1 metadata title/abstract and bibliographic record,abstract_only,abstract available; sufficiency requires claim-level review,not started,
SCDA-1C293D1067AF8AC4,,,verified,doi_or_scholarly_record,10.1108/09590550410546188,Frozen Stage-1 metadata title/abstract and bibliographic record,abstract_only,abstract available; sufficiency requires claim-level review,not started,
SCDA-5570DA9E0DA92A8B,,,verified,doi_or_scholarly_record,10.1108/scm-11-2014-0386,Frozen Stage-1 metadata title/abstract and bibliographic record,abstract_only,abstract available; sufficiency requires claim-level review,not started,
SCDA-CBF8D5E797D6AF7C,,,verified,doi_or_scholarly_record,10.1016/j.indmarman.2022.06.002,Frozen Stage-1 metadata title/abstract and bibliographic record,metadata_only,metadata_only,not started,
SCDA-CC8A0285E27363B3,,,verified,doi_or_scholarly_record,10.1007/s10668-021-02007-6,Frozen Stage-1 metadata title/abstract and bibliographic record,metadata_only,metadata_only,not started,
SCDA-E9A5671378F02C76,,,verified,doi_or_scholarly_record,10.1111/jscm.12037,Frozen Stage-1 metadata title/abstract and bibliographic record,abstract_only,abstract available; sufficiency requires claim-level review,not started,
SCDA-49E1D375976BE41C,,,verified,doi_or_scholarly_record,10.1108/scm-09-2020-0439,Frozen Stage-1 metadata title/abstract and bibliographic record,abstract_only,abstract available; sufficiency requires claim-level review,not started,
SCDA-7A08EFC8095951A9,,,verified,doi_or_scholarly_record,10.1080/00207543.2020.1761565,Frozen Stage-1 metadata title/abstract and bibliographic record,abstract_only,abstract available; sufficiency requires claim-level review,not started,
SCDA-6CD2ADB640F5686F,,,verified,doi_or_scholarly_record,10.3390/su13137101,Frozen Stage-1 metadata title/abstract and bibliographic record,abstract_only,abstract available; sufficiency requires claim-level review,not started,
SCDA-9D236A4231300215,,,verified,doi_or_scholarly_record,10.3390/su13094672,Frozen Stage-1 metadata title/abstract and bibliographic record,abstract_only,abstract available; sufficiency requires claim-level review,not started,
SCDA-45E340E8FF94C9C8,,,verified,doi_or_scholarly_record,10.1007/s12063-022-00343-y,Frozen Stage-1 metadata title/abstract and bibliographic record,metadata_only,metadata_only,not started,
SCDA-D862F1012CC64981,,,verified,doi_or_scholarly_record,10.1080/13675560902736537,Frozen Stage-1 metadata title/abstract and bibliographic record,abstract_only,abstract available; sufficiency requires claim-level review,not started,
SCDA-9AC8B49520D52B66,,,verified,doi_or_scholarly_record,10.1007/s10479-017-2544-x,Frozen Stage-1 metadata title/abstract and bibliographic record,metadata_only,metadata_only,not started,
SCDA-DDE5BA5C77A0A123,,,verified,doi_or_scholarly_record,10.1016/s0019-8501(99)00110-8,Frozen Stage-1 metadata title/abstract and bibliographic record,metadata_only,metadata_only,not started,
SCDA-A0A7B496EA7F6158,,,verified,doi_or_scholarly_record,10.1287/mnsc.1030.0186,Frozen Stage-1 metadata title/abstract and bibliographic record,abstract_only,abstract available; sufficiency requires claim-level review,not started,
SCDA-C5FA03E97A1B25A0,,,verified,doi_or_scholarly_record,10.1016/j.procir.2014.07.035,Frozen Stage-1 metadata title/abstract and bibliographic record,abstract_only,abstract available; sufficiency requires claim-level review,not started,
SCDA-E8D9C0008C8E90BF,,,verified,doi_or_scholarly_record,10.1016/j.resconrec.2010.12.002,Frozen Stage-1 metadata title/abstract and bibliographic record,metadata_only,metadata_only,not started,
SCDA-16E446F65A30337C,,,verified,doi_or_scholarly_record,10.1002/j.2158-1592.2010.tb00125.x,Frozen Stage-1 metadata title/abstract and bibliographic record,abstract_only,abstract available; sufficiency requires claim-level review,not started,
SCDA-3930A8270E762A2D,,,verified,doi_or_scholarly_record,10.1016/j.ijpe.2005.03.009,Frozen Stage-1 metadata title/abstract and bibliographic record,metadata_only,metadata_only,not started,
SCDA-974DB95FA11C37FC,,,verified,doi_or_scholarly_record,10.1111/jscm.12003,Frozen Stage-1 metadata title/abstract and bibliographic record,abstract_only,abstract available; sufficiency requires claim-level review,not started,
SCDA-689B62C77504C70B,,,verified,doi_or_scholarly_record,10.1007/s10479-022-04775-4,Frozen Stage-1 metadata title/abstract and bibliographic record,metadata_only,metadata_only,not started,
SCDA-7762FA4626D5997F,,,verified,doi_or_scholarly_record,10.1016/j.ijpe.2014.04.018,Frozen Stage-1 metadata title/abstract and bibliographic record,metadata_only,metadata_only,not started,
SCDA-8A100D80692B6016,,,verified,doi_or_scholarly_record,10.1108/imds-04-2013-0164,Frozen Stage-1 metadata title/abstract and bibliographic record,abstract_only,abstract available; sufficiency requires claim-level review,not started,
SCDA-8609B7320FD963F7,,,verified,doi_or_scholarly_record,10.1108/01443579910249714,Frozen Stage-1 metadata title/abstract and bibliographic record,abstract_only,abstract available; sufficiency requires claim-level review,not started,
SCDA-03DAD4D3E20F114C,,,verified,doi_or_scholarly_record,10.3390/ijerph18041662,Frozen Stage-1 metadata title/abstract and bibliographic record,abstract_only,abstract available; sufficiency requires claim-level review,not started,
SCDA-77CEF27815F0B743,,,verified,doi_or_scholarly_record,10.51594/imsrj.v4i3.931,Frozen Stage-1 metadata title/abstract and bibliographic record,abstract_only,abstract available; sufficiency requires claim-level review,not started,
SCDA-1CEC8B3C2C9220C8,,,verified,doi_or_scholarly_record,10.1016/j.jclepro.2005.01.003,Frozen Stage-1 metadata title/abstract and bibliographic record,metadata_only,metadata_only,not started,
SCDA-C76C395CD66CDA67,,,verified,doi_or_scholarly_record,10.1007/s10479-022-04735-y,Frozen Stage-1 metadata title/abstract and bibliographic record,metadata_only,metadata_only,not started,
SCDA-73265D57BCD72AE2,,,verified,doi_or_scholarly_record,10.1108/13598540710759808,Frozen Stage-1 metadata title/abstract and bibliographic record,abstract_only,abstract available; sufficiency requires claim-level review,not started,
SCDA-B254EDE3461F32AB,,,verified,doi_or_scholarly_record,10.1016/j.jom.2014.11.002,Frozen Stage-1 metadata title/abstract and bibliographic record,abstract_only,abstract available; sufficiency requires claim-level review,not started,
SCDA-D693484F2AECE78F,,,verified,doi_or_scholarly_record,10.1016/j.omega.2004.08.002,Frozen Stage-1 metadata title/abstract and bibliographic record,metadata_only,metadata_only,not started,
SCDA-7B2B832F776AC9B0,,,verified,doi_or_scholarly_record,10.1057/jors.2012.44,Frozen Stage-1 metadata title/abstract and bibliographic record,abstract_only,abstract available; sufficiency requires claim-level review,not started,
SCDA-CDA88D5467B25150,,,verified,doi_or_scholarly_record,10.1080/00207543.2022.2164628,Frozen Stage-1 metadata title/abstract and bibliographic record,abstract_only,abstract available; sufficiency requires claim-level review,not started,
SCDA-514DB7B9FDF3530A,,,verified,doi_or_scholarly_record,10.1057/s41278-020-00180-5,Frozen Stage-1 metadata title/abstract and bibliographic record,metadata_only,metadata_only,not started,
SCDA-53266A11C2C36CB0,,,verified,doi_or_scholarly_record,10.1111/jbl.12290,Frozen Stage-1 metadata title/abstract and bibliographic record,abstract_only,abstract available; sufficiency requires claim-level review,not started,
SCDA-66FBF390DA0CC50B,,,verified,doi_or_scholarly_record,10.1016/j.ijinfomgt.2019.05.023,Frozen Stage-1 metadata title/abstract and bibliographic record,metadata_only,metadata_only,not started,
SCDA-C147047358780E64,,,verified,doi_or_scholarly_record,10.1016/j.ejor.2016.11.041,Frozen Stage-1 metadata title/abstract and bibliographic record,metadata_only,metadata_only,not started,
SCDA-54FBBCD99C44EA81,,,verified,doi_or_scholarly_record,10.1016/j.jom.2005.05.002,Frozen Stage-1 metadata title/abstract and bibliographic record,abstract_only,abstract available; sufficiency requires claim-level review,not started,
SCDA-ADC7B08FF48C4835,,,verified,doi_or_scholarly_record,10.1002/j.2158-1592.2001.tb00158.x,Frozen Stage-1 metadata title/abstract and bibliographic record,abstract_only,abstract available; sufficiency requires claim-level review,not started,
SCDA-A7BFA6FC91A1B3D0,,,verified,doi_or_scholarly_record,10.1016/j.resconrec.2020.105064,Frozen Stage-1 metadata title/abstract and bibliographic record,metadata_only,metadata_only,not started,
SCDA-E4181BAC1E4772CD,,,verified,doi_or_scholarly_record,10.1016/j.indmarman.2005.10.003,Frozen Stage-1 metadata title/abstract and bibliographic record,metadata_only,metadata_only,not started,
SCDA-35599110D477D6C7,,,verified,doi_or_scholarly_record,10.1007/s42524-023-0257-1,Frozen Stage-1 metadata title/abstract and bibliographic record,metadata_only,metadata_only,not started,
SCDA-CD8BE42D2F8C43B7,,,verified,doi_or_scholarly_record,10.1016/j.indmarman.2019.05.006,Frozen Stage-1 metadata title/abstract and bibliographic record,abstract_only,abstract available; sufficiency requires claim-level review,not started,
SCDA-994CFBFCB72EC0A6,,,verified,doi_or_scholarly_record,10.1016/j.techfore.2020.120447,Frozen Stage-1 metadata title/abstract and bibliographic record,metadata_only,metadata_only,not started,
SCDA-C7110C9E80C5D374,,,verified,doi_or_scholarly_record,10.1016/j.omega.2006.11.009,Frozen Stage-1 metadata title/abstract and bibliographic record,metadata_only,metadata_only,not started,
SCDA-F130E467D0B2397F,,,verified,doi_or_scholarly_record,10.3389/fpubh.2020.562882,Frozen Stage-1 metadata title/abstract and bibliographic record,abstract_only,abstract available; sufficiency requires claim-level review,not started,
SCDA-D06211879EB2A7A1,,,verified,doi_or_scholarly_record,10.1108/09574099310804957,Frozen Stage-1 metadata title/abstract and bibliographic record,abstract_only,abstract available; sufficiency requires claim-level review,not started,
SCDA-21A1126D57EB22F5,,,verified,doi_or_scholarly_record,10.1111/deci.12086,Frozen Stage-1 metadata title/abstract and bibliographic record,abstract_only,abstract available; sufficiency requires claim-level review,not started,
SCDA-816BE9D4DEF50C95,,,verified,doi_or_scholarly_record,10.1108/09600031311293237,Frozen Stage-1 metadata title/abstract and bibliographic record,abstract_only,abstract available; sufficiency requires claim-level review,not started,
SCDA-D282C8FEB6A84C9D,,,verified,doi_or_scholarly_record,10.1108/13598541211227126,Frozen Stage-1 metadata title/abstract and bibliographic record,abstract_only,abstract available; sufficiency requires claim-level review,not started,
SCDA-30463A297F677687,,,verified,doi_or_scholarly_record,10.1287/mnsc.47.5.629.10486,Frozen Stage-1 metadata title/abstract and bibliographic record,abstract_only,abstract available; sufficiency requires claim-level review,not started,
SCDA-3F24EF6AF1517D0A,,,verified,doi_or_scholarly_record,10.3390/app151910399,Frozen Stage-1 metadata title/abstract and bibliographic record,abstract_only,abstract available; sufficiency requires claim-level review,not started,
SCDA-7BB15B1249435481,,,verified,doi_or_scholarly_record,10.3390/forecast6040046,Frozen Stage-1 metadata title/abstract and bibliographic record,abstract_only,abstract available; sufficiency requires claim-level review,not started,
SCDA-2E8910515FE4627A,,,verified,doi_or_scholarly_record,10.1108/01443570110358468,Frozen Stage-1 metadata title/abstract and bibliographic record,metadata_only,metadata_only,not started,
SCDA-C65EA9B093FE56D7,,,verified,doi_or_scholarly_record,10.1016/j.jclepro.2020.120300,Frozen Stage-1 metadata title/abstract and bibliographic record,abstract_only,abstract available; sufficiency requires claim-level review,not started,
SCDA-34472BFA6F495545,,,verified,doi_or_scholarly_record,10.1108/95740939080001276,Frozen Stage-1 metadata title/abstract and bibliographic record,abstract_only,abstract available; sufficiency requires claim-level review,not started,
SCDA-479A3C12133092CA,,,verified,doi_or_scholarly_record,10.1016/j.cie.2016.11.034,Frozen Stage-1 metadata title/abstract and bibliographic record,metadata_only,metadata_only,not started,
SCDA-DC396B0E76BDB929,,,verified,doi_or_scholarly_record,10.1080/07421222.2015.1138364,Frozen Stage-1 metadata title/abstract and bibliographic record,abstract_only,abstract available; sufficiency requires claim-level review,not started,
SCDA-40579EC2C3F05DF8,,,verified,doi_or_scholarly_record,10.1080/00207543.2021.1840148,Frozen Stage-1 metadata title/abstract and bibliographic record,abstract_only,abstract available; sufficiency requires claim-level review,not started,
SCDA-635486014F22CEDF,,,verified,doi_or_scholarly_record,10.69864/ijbsam.6-3.75,Frozen Stage-1 metadata title/abstract and bibliographic record,abstract_only,abstract available; sufficiency requires claim-level review,not started,
SCDA-20603419C17205AD,,,verified,doi_or_scholarly_record,10.1287/mnsc.49.1.1.12749,Frozen Stage-1 metadata title/abstract and bibliographic record,abstract_only,abstract available; sufficiency requires claim-level review,not started,
SCDA-5DFEBDF74EA188A1,,,verified,doi_or_scholarly_record,10.1080/09537287.2022.2032450,Frozen Stage-1 metadata title/abstract and bibliographic record,abstract_only,abstract available; sufficiency requires claim-level review,not started,
SCDA-687E64C6486CE77A,,,verified,doi_or_scholarly_record,10.1016/s0272-6963(00)00055-3,Frozen Stage-1 metadata title/abstract and bibliographic record,abstract_only,abstract available; sufficiency requires claim-level review,not started,
SCDA-453593D926D1BDA6,,,verified,doi_or_scholarly_record,10.1108/scm-02-2017-0059,Frozen Stage-1 metadata title/abstract and bibliographic record,abstract_only,abstract available; sufficiency requires claim-level review,not started,
SCDA-24590DEB8531D047,,,verified,doi_or_scholarly_record,10.1111/jbl.12202,Frozen Stage-1 metadata title/abstract and bibliographic record,abstract_only,abstract available; sufficiency requires claim-level review,not started,
SCDA-CAD6C0B8C91438EA,,,verified,doi_or_scholarly_record,10.1068/a3510,Frozen Stage-1 metadata title/abstract and bibliographic record,abstract_only,abstract available; sufficiency requires claim-level review,not started,
SCDA-C5B305D1D51013C3,,,verified,doi_or_scholarly_record,10.1007/s10479-021-03956-x,Frozen Stage-1 metadata title/abstract and bibliographic record,metadata_only,metadata_only,not started,
SCDA-048B2AB0FEE8C06D,,,verified,doi_or_scholarly_record,10.1016/j.tifs.2021.01.025,Frozen Stage-1 metadata title/abstract and bibliographic record,abstract_only,abstract available; sufficiency requires claim-level review,not started,
SCDA-ACE29AD87EED0ABF,,,verified,doi_or_scholarly_record,10.1016/s0272-6963(03)00040-8,Frozen Stage-1 metadata title/abstract and bibliographic record,abstract_only,abstract available; sufficiency requires claim-level review,not started,
SCDA-89679DAA15F977CB,,,verified,doi_or_scholarly_record,10.1016/j.jretconser.2017.08.025,Frozen Stage-1 metadata title/abstract and bibliographic record,metadata_only,metadata_only,not started,
SCDA-839582564121D38B,,,verified,doi_or_scholarly_record,10.1108/09600030210436222,Frozen Stage-1 metadata title/abstract and bibliographic record,abstract_only,abstract available; sufficiency requires claim-level review,not started,
SCDA-75F08FDDE2F0B5B8,,,verified,doi_or_scholarly_record,10.2307/41166135,Frozen Stage-1 metadata title/abstract and bibliographic record,metadata_only,metadata_only,not started,
SCDA-1484ACFE0E21E26B,,,verified,doi_or_scholarly_record,10.1111/j.1745-493x.2009.03162.x,Frozen Stage-1 metadata title/abstract and bibliographic record,abstract_only,abstract available; sufficiency requires claim-level review,not started,
SCDA-7B8AD5AECD9C79C2,,,verified,doi_or_scholarly_record,10.1016/j.jclepro.2016.03.117,Frozen Stage-1 metadata title/abstract and bibliographic record,metadata_only,metadata_only,not started,
SCDA-AF703A43607FC976,,,verified,doi_or_scholarly_record,10.1016/j.spc.2021.10.012,Frozen Stage-1 metadata title/abstract and bibliographic record,metadata_only,metadata_only,not started,
SCDA-0BEAE619FDCDD622,,,verified,doi_or_scholarly_record,10.1111/jbl.12271,Frozen Stage-1 metadata title/abstract and bibliographic record,abstract_only,abstract available; sufficiency requires claim-level review,not started,
SCDA-284DD6675F065538,,,verified,doi_or_scholarly_record,10.1108/09600030410545436,Frozen Stage-1 metadata title/abstract and bibliographic record,abstract_only,abstract available; sufficiency requires claim-level review,not started,
SCDA-AE6124AEF44F621F,,,verified,doi_or_scholarly_record,10.1108/ijopm-12-2020-0884,Frozen Stage-1 metadata title/abstract and bibliographic record,abstract_only,abstract available; sufficiency requires claim-level review,not started,
SCDA-5A6E17440E0651D5,,,verified,doi_or_scholarly_record,10.1016/j.jom.2007.01.012,Frozen Stage-1 metadata title/abstract and bibliographic record,abstract_only,abstract available; sufficiency requires claim-level review,not started,
SCDA-F256D53DC392F90F,,,verified,doi_or_scholarly_record,10.1287/mnsc.45.1.16,Frozen Stage-1 metadata title/abstract and bibliographic record,abstract_only,abstract available; sufficiency requires claim-level review,not started,
SCDA-F935520B5295424C,,,verified,doi_or_scholarly_record,10.1016/j.ijpe.2006.11.029,Frozen Stage-1 metadata title/abstract and bibliographic record,metadata_only,metadata_only,not started,
SCDA-85ECECC889673A6E,,,verified,doi_or_scholarly_record,10.61185/smij.2023.22103,Frozen Stage-1 metadata title/abstract and bibliographic record,abstract_only,abstract available; sufficiency requires claim-level review,not started,
SCDA-66C48FAE0E10EA69,,,verified,doi_or_scholarly_record,10.1108/09574090110806262,Frozen Stage-1 metadata title/abstract and bibliographic record,abstract_only,abstract available; sufficiency requires claim-level review,not started,
SCDA-CEAFBC570EC2641D,,,verified,doi_or_scholarly_record,10.1016/j.jclepro.2013.02.018,Frozen Stage-1 metadata title/abstract and bibliographic record,metadata_only,metadata_only,not started,
SCDA-E5F328A68EC62FC4,,,verified,doi_or_scholarly_record,10.1016/j.ijinfomgt.2017.12.005,Frozen Stage-1 metadata title/abstract and bibliographic record,metadata_only,metadata_only,not started,
SCDA-38AD00157FAA687B,,,verified,doi_or_scholarly_record,10.1108/ijopm-07-2019-0530,Frozen Stage-1 metadata title/abstract and bibliographic record,abstract_only,abstract available; sufficiency requires claim-level review,not started,
SCDA-117A3ADBB4E848F9,,,verified,doi_or_scholarly_record,10.1108/ijlm-01-2021-0043,Frozen Stage-1 metadata title/abstract and bibliographic record,abstract_only,abstract available; sufficiency requires claim-level review,not started,
SCDA-2AAB6D92FECDF5C8,,,verified,doi_or_scholarly_record,10.1016/j.jclepro.2019.04.367,Frozen Stage-1 metadata title/abstract and bibliographic record,metadata_only,metadata_only,not started,
SCDA-7C7B90B76AE03AFC,,,verified,doi_or_scholarly_record,10.1016/j.aaf.2022.06.003,Frozen Stage-1 metadata title/abstract and bibliographic record,abstract_only,abstract available; sufficiency requires claim-level review,not started,
SCDA-8A2B46022A5953A9,,,verified,doi_or_scholarly_record,10.1016/j.emj.2005.02.008,Frozen Stage-1 metadata title/abstract and bibliographic record,metadata_only,metadata_only,not started,
SCDA-DD3CA2C40FDE5916,,,verified,doi_or_scholarly_record,10.1016/j.jom.2014.12.004,Frozen Stage-1 metadata title/abstract and bibliographic record,abstract_only,abstract available; sufficiency requires claim-level review,not started,
SCDA-7E2C1F7148F575AA,,,verified,doi_or_scholarly_record,10.3390/su15043636,Frozen Stage-1 metadata title/abstract and bibliographic record,abstract_only,abstract available; sufficiency requires claim-level review,not started,
SCDA-103D4041DB82C812,,,verified,doi_or_scholarly_record,10.1016/j.retrec.2012.10.006,Frozen Stage-1 metadata title/abstract and bibliographic record,metadata_only,metadata_only,not started,
SCDA-8ACDFF136EF09926,,,verified,doi_or_scholarly_record,10.1016/j.jbusres.2016.08.004,Frozen Stage-1 metadata title/abstract and bibliographic record,metadata_only,metadata_only,not started,
SCDA-E50F72269797C393,,,verified,doi_or_scholarly_record,10.1007/bf03326014,Frozen Stage-1 metadata title/abstract and bibliographic record,metadata_only,metadata_only,not started,
SCDA-4E3B9E7252C23C15,,,verified,doi_or_scholarly_record,10.1108/09576059910284159,Frozen Stage-1 metadata title/abstract and bibliographic record,abstract_only,abstract available; sufficiency requires claim-level review,not started,
SCDA-55B1373A92428AB5,,,verified,doi_or_scholarly_record,10.54660/.ijmrge.2024.5.1.1536-1548,Frozen Stage-1 metadata title/abstract and bibliographic record,abstract_only,abstract available; sufficiency requires claim-level review,not started,
SCDA-16528FF18D15B97C,,,verified,doi_or_scholarly_record,10.1016/j.ijinfomgt.2019.08.005,Frozen Stage-1 metadata title/abstract and bibliographic record,metadata_only,metadata_only,not started,
SCDA-9D04C9BD18B256B6,,,verified,doi_or_scholarly_record,10.1016/j.pursup.2008.01.007,Frozen Stage-1 metadata title/abstract and bibliographic record,metadata_only,metadata_only,not started,
SCDA-25A1A8DE090608C1,,,verified,doi_or_scholarly_record,10.1016/j.jclepro.2006.05.021,Frozen Stage-1 metadata title/abstract and bibliographic record,metadata_only,metadata_only,not started,
SCDA-A5E8B4C48503192F,,,verified,doi_or_scholarly_record,10.1016/j.bushor.2018.08.012,Frozen Stage-1 metadata title/abstract and bibliographic record,metadata_only,metadata_only,not started,
SCDA-1069781C3720613E,,,verified,doi_or_scholarly_record,10.1108/09555340710760152,Frozen Stage-1 metadata title/abstract and bibliographic record,abstract_only,abstract available; sufficiency requires claim-level review,not started,
SCDA-2922321021576FE5,,,verified,doi_or_scholarly_record,10.1108/13598549810215379,Frozen Stage-1 metadata title/abstract and bibliographic record,abstract_only,abstract available; sufficiency requires claim-level review,not started,
SCDA-BA5B8D6B0FDDFB3A,,,verified,doi_or_scholarly_record,10.1504/ijmtm.2000.001329,Frozen Stage-1 metadata title/abstract and bibliographic record,abstract_only,abstract available; sufficiency requires claim-level review,not started,
SCDA-1CD94B29327368FF,,,verified,doi_or_scholarly_record,10.1002/j.2158-1592.2005.tb00193.x,Frozen Stage-1 metadata title/abstract and bibliographic record,abstract_only,abstract available; sufficiency requires claim-level review,not started,
SCDA-35C33E2D3D6E9951,,,verified,doi_or_scholarly_record,10.15623/ijret.2016.0509001,Frozen Stage-1 metadata title/abstract and bibliographic record,abstract_only,abstract available; sufficiency requires claim-level review,not started,
SCDA-2F0479AFA9CA560C,,,verified,doi_or_scholarly_record,10.1016/s0019-8501(99)00113-3,Frozen Stage-1 metadata title/abstract and bibliographic record,metadata_only,metadata_only,not started,
SCDA-E862C782DD356566,,,verified,doi_or_scholarly_record,10.1108/02635579910243851,Frozen Stage-1 metadata title/abstract and bibliographic record,abstract_only,abstract available; sufficiency requires claim-level review,not started,
SCDA-358EA1BA43735A0C,,,verified,doi_or_scholarly_record,10.1016/j.ijpe.2013.12.026,Frozen Stage-1 metadata title/abstract and bibliographic record,metadata_only,metadata_only,not started,
SCDA-95D9AA3C817810CA,,,verified,doi_or_scholarly_record,10.1108/09600030110394914,Frozen Stage-1 metadata title/abstract and bibliographic record,abstract_only,abstract available; sufficiency requires claim-level review,not started,
SCDA-7E03C286D33DC6BB,,,verified,doi_or_scholarly_record,10.1016/j.jbusres.2022.113480,Frozen Stage-1 metadata title/abstract and bibliographic record,metadata_only,metadata_only,not started,
SCDA-1A5DFF0F42065364,,,verified,doi_or_scholarly_record,10.1016/j.ijpe.2006.11.030,Frozen Stage-1 metadata title/abstract and bibliographic record,metadata_only,metadata_only,not started,
SCDA-0D75F65A5826DCFA,,,verified,doi_or_scholarly_record,10.1108/01443570410514867,Frozen Stage-1 metadata title/abstract and bibliographic record,abstract_only,abstract available; sufficiency requires claim-level review,not started,
SCDA-07AE6C0C9A1BFEAD,,,verified,doi_or_scholarly_record,10.1007/s10479-022-04785-2,Frozen Stage-1 metadata title/abstract and bibliographic record,abstract_only,abstract available; sufficiency requires claim-level review,not started,
SCDA-035DBE12CD0A9D0A,,,verified,doi_or_scholarly_record,10.1016/j.pursup.2007.01.004,Frozen Stage-1 metadata title/abstract and bibliographic record,metadata_only,metadata_only,not started,
SCDA-D318B7D5221DFAA5,,,verified,doi_or_scholarly_record,10.1016/s0019-8501(01)00169-9,Frozen Stage-1 metadata title/abstract and bibliographic record,metadata_only,metadata_only,not started,
SCDA-CCA05B378409D013,,,verified,doi_or_scholarly_record,10.6028/nist.sp.800-161r1,Frozen Stage-1 metadata title/abstract and bibliographic record,abstract_only,abstract available; sufficiency requires claim-level review,not started,
SCDA-7889249866B54DC2,,,verified,doi_or_scholarly_record,10.1287/mnsc.43.4.546,Frozen Stage-1 metadata title/abstract and bibliographic record,abstract_only,abstract available; sufficiency requires claim-level review,not started,
SCDA-E9AB330637F041A2,,,verified,doi_or_scholarly_record,10.1080/13675567.2020.1810213,Frozen Stage-1 metadata title/abstract and bibliographic record,abstract_only,abstract available; sufficiency requires claim-level review,not started,
SCDA-71CF6243F193B770,,,verified,doi_or_scholarly_record,10.1108/09574090110806271,Frozen Stage-1 metadata title/abstract and bibliographic record,abstract_only,abstract available; sufficiency requires claim-level review,not started,
SCDA-70CA87C411AEBD25,,,verified,doi_or_scholarly_record,10.1016/j.techfore.2023.123146,Frozen Stage-1 metadata title/abstract and bibliographic record,metadata_only,metadata_only,not started,
SCDA-774A98EB82E65445,,,verified,doi_or_scholarly_record,10.1080/00207543.2024.2309309,Frozen Stage-1 metadata title/abstract and bibliographic record,abstract_only,abstract available; sufficiency requires claim-level review,not started,
SCDA-D5FAC3C18A71D033,,,verified,doi_or_scholarly_record,10.1016/j.jclepro.2011.09.012,Frozen Stage-1 metadata title/abstract and bibliographic record,metadata_only,metadata_only,not started,
SCDA-7ACE1537E318CB75,,,verified,doi_or_scholarly_record,10.57044/sajol.2022.1.2.2212,Frozen Stage-1 metadata title/abstract and bibliographic record,abstract_only,abstract available; sufficiency requires claim-level review,not started,
SCDA-9C5B8D2F487BAF2F,,,verified,doi_or_scholarly_record,10.1016/j.jom.2009.06.001,Frozen Stage-1 metadata title/abstract and bibliographic record,abstract_only,abstract available; sufficiency requires claim-level review,not started,
SCDA-AC9AB729BC9640E5,,,verified,doi_or_scholarly_record,10.1080/00207543.2017.1387680,Frozen Stage-1 metadata title/abstract and bibliographic record,abstract_only,abstract available; sufficiency requires claim-level review,not started,
SCDA-4761AB96F1711739,,,verified,doi_or_scholarly_record,10.1002/bse.557,Frozen Stage-1 metadata title/abstract and bibliographic record,abstract_only,abstract available; sufficiency requires claim-level review,not started,
SCDA-FA7129D458C280B8,,,verified,doi_or_scholarly_record,10.1108/09574099810805807,Frozen Stage-1 metadata title/abstract and bibliographic record,abstract_only,abstract available; sufficiency requires claim-level review,not started,
SCDA-1E3FA61B87796836,,,verified,doi_or_scholarly_record,10.1002/j.2158-1592.2001.tb00001.x,Frozen Stage-1 metadata title/abstract and bibliographic record,abstract_only,abstract available; sufficiency requires claim-level review,not started,
SCDA-E1C2C4F583A18848,,,verified,doi_or_scholarly_record,10.1007/s42524-021-0186-9,Frozen Stage-1 metadata title/abstract and bibliographic record,abstract_only,abstract available; sufficiency requires claim-level review,not started,
SCDA-D17F51213A1DAD5C,,,verified,doi_or_scholarly_record,10.1111/j.1467-8551.1996.tb00148.x,Frozen Stage-1 metadata title/abstract and bibliographic record,abstract_only,abstract available; sufficiency requires claim-level review,not started,
SCDA-AD4A8B8416B297FA,,,verified,doi_or_scholarly_record,10.1108/ijopm-05-2021-0348,Frozen Stage-1 metadata title/abstract and bibliographic record,abstract_only,abstract available; sufficiency requires claim-level review,not started,
SCDA-0FFBA7086C9C3FBD,,,verified,doi_or_scholarly_record,10.1108/09600039110137082,Frozen Stage-1 metadata title/abstract and bibliographic record,abstract_only,abstract available; sufficiency requires claim-level review,not started,
SCDA-FD56F0A03A1F365B,,,verified,doi_or_scholarly_record,10.1007/978-3-642-27922-5_15,Frozen Stage-1 metadata title/abstract and bibliographic record,metadata_only,metadata_only,not started,
SCDA-5FA96D5E462CD299,,,verified,doi_or_scholarly_record,10.1108/jmtm-03-2018-0099,Frozen Stage-1 metadata title/abstract and bibliographic record,abstract_only,abstract available; sufficiency requires claim-level review,not started,
SCDA-1D0FB62E2CE68695,,,verified,doi_or_scholarly_record,10.1080/00207543.2024.2316476,Frozen Stage-1 metadata title/abstract and bibliographic record,abstract_only,abstract available; sufficiency requires claim-level review,not started,
SCDA-7788EDC7DC774123,,,verified,doi_or_scholarly_record,10.1111/jbl.12276,Frozen Stage-1 metadata title/abstract and bibliographic record,abstract_only,abstract available; sufficiency requires claim-level review,not started,
SCDA-1EE30D2E3EDFA3DF,,,verified,doi_or_scholarly_record,10.1080/00207543.2020.1730463,Frozen Stage-1 metadata title/abstract and bibliographic record,abstract_only,abstract available; sufficiency requires claim-level review,not started,
SCDA-7D3DFC4F79E1C76F,,,verified,doi_or_scholarly_record,10.1111/jbl.12009,Frozen Stage-1 metadata title/abstract and bibliographic record,abstract_only,abstract available; sufficiency requires claim-level review,not started,
SCDA-390FDAF9EF201084,,,verified,doi_or_scholarly_record,10.3390/app11125585,Frozen Stage-1 metadata title/abstract and bibliographic record,abstract_only,abstract available; sufficiency requires claim-level review,not started,
SCDA-58627531A6DE0439,,,verified,doi_or_scholarly_record,10.1002/bse.607,Frozen Stage-1 metadata title/abstract and bibliographic record,abstract_only,abstract available; sufficiency requires claim-level review,not started,
SCDA-E36ECA8AE9962BFD,,,verified,doi_or_scholarly_record,10.1016/j.intman.2005.09.008,Frozen Stage-1 metadata title/abstract and bibliographic record,metadata_only,metadata_only,not started,
SCDA-A41F9CC572D9C63D,,,verified,doi_or_scholarly_record,10.1016/j.jom.2010.10.001,Frozen Stage-1 metadata title/abstract and bibliographic record,abstract_only,abstract available; sufficiency requires claim-level review,not started,
SCDA-C84F25603C8EFC5F,,,verified,doi_or_scholarly_record,10.1108/sd-04-2020-0081,Frozen Stage-1 metadata title/abstract and bibliographic record,abstract_only,abstract available; sufficiency requires claim-level review,not started,
SCDA-8CA53D265D0645F4,,,verified,doi_or_scholarly_record,,Frozen Stage-1 metadata title/abstract and bibliographic record,abstract_only,abstract available; sufficiency requires claim-level review,not started,
SCDA-C66454BF5D2D80F2,,,verified,doi_or_scholarly_record,10.1016/j.cie.2007.04.001,Frozen Stage-1 metadata title/abstract and bibliographic record,metadata_only,metadata_only,not started,
SCDA-87BA79C25150A96F,,,verified,doi_or_scholarly_record,10.1007/s11356-021-16972-y,Frozen Stage-1 metadata title/abstract and bibliographic record,metadata_only,metadata_only,not started,
SCDA-C5049EE73BBBB81F,,,verified,doi_or_scholarly_record,10.1109/tase.2012.2203304,Frozen Stage-1 metadata title/abstract and bibliographic record,abstract_only,abstract available; sufficiency requires claim-level review,not started,
SCDA-EC9B4441A0CF2DB7,,,verified,doi_or_scholarly_record,10.1108/scm-10-2017-0319,Frozen Stage-1 metadata title/abstract and bibliographic record,abstract_only,abstract available; sufficiency requires claim-level review,not started,
SCDA-71879321F95BA1E4,,,verified,doi_or_scholarly_record,10.1108/01443570610672248,Frozen Stage-1 metadata title/abstract and bibliographic record,abstract_only,abstract available; sufficiency requires claim-level review,not started,
SCDA-1C887626E7355676,,,verified,doi_or_scholarly_record,10.1287/mnsc.1040.0215,Frozen Stage-1 metadata title/abstract and bibliographic record,abstract_only,abstract available; sufficiency requires claim-level review,not started,
SCDA-0DC42F196B4E7006,,,verified,doi_or_scholarly_record,10.1007/978-3-030-03813-7_4,Frozen Stage-1 metadata title/abstract and bibliographic record,metadata_only,metadata_only,not started,
SCDA-C1C56331C84D9B0D,,,verified,doi_or_scholarly_record,10.1016/j.ijpe.2016.03.014,Frozen Stage-1 metadata title/abstract and bibliographic record,metadata_only,metadata_only,not started,
SCDA-1F6853CC83FDB6C5,,,verified,doi_or_scholarly_record,10.1016/j.tre.2006.06.003,Frozen Stage-1 metadata title/abstract and bibliographic record,metadata_only,metadata_only,not started,
SCDA-8891E87927797B9A,,,verified,doi_or_scholarly_record,10.1016/j.ejor.2004.01.046,Frozen Stage-1 metadata title/abstract and bibliographic record,metadata_only,metadata_only,not started,
SCDA-446D371CA217AD62,,,verified,doi_or_scholarly_record,10.1093/fqsafe/fyaa024,Frozen Stage-1 metadata title/abstract and bibliographic record,abstract_only,abstract available; sufficiency requires claim-level review,not started,
SCDA-CC51500380305208,,,verified,doi_or_scholarly_record,10.1002/bse.3029,Frozen Stage-1 metadata title/abstract and bibliographic record,abstract_only,abstract available; sufficiency requires claim-level review,not started,
