record_id,batch_id,doi,title,source_status,source_type,source_identifier,source_location,bibliographic_verified,full_text_status,eligibility_decision,exclusion_reason,study_type,reviewer,confidence,adjudication_required,evidence_note
SCDA-B889B011BE720FE4,B01,10.1016/j.tre.2019.03.001,Review of quantitative methods for supply chain resilience analysis,verified,publisher,10.1016/j.tre.2019.03.001,https://doi.org/10.1016/j.tre.2019.03.001,yes,full_text,include,,review,Reviewer A (AI-assisted),high,no,Publisher source identifies a systematic review of quantitative supply-chain-resilience models and a structured resilience-capacity framework.
SCDA-A88B33B8DA675E58,B01,10.1007/s12063-021-00208-w,Is artificial intelligence an enabler of supply chain resiliency post COVID-19? An exploratory state-of-the-art review for future research,verified,publisher,10.1007/s12063-021-00208-w,https://doi.org/10.1007/s12063-021-00208-w,yes,full_text,include,,review,Reviewer A (AI-assisted),high,no,Publisher/full-text source explicitly reviews AI-enabled supply-chain resilience and proposes an SCM research framework.
SCDA-362E0D916588C770,B01,10.3390/su131910925,Integrating Resilience and Sustainability Criteria in the Supply Chain Network Design. A Systematic Literature Review,verified,publisher,10.3390/su131910925,https://doi.org/10.3390/su131910925,yes,full_text,include,,review,Reviewer A (AI-assisted),high,no,Publisher full text explicitly reports an SLR of resilience and sustainability in supply-chain-network design with decision-level method objective and application taxonomy.
SCDA-49DAFE663C1E1221,B01,10.3390/su17104495,Digital Transformation Supply Chain Resilience and Sustainability: A Comprehensive Review with Implications for Saudi Arabian Manufacturing,verified,publisher,10.3390/su17104495,https://doi.org/10.3390/su17104495,yes,full_text,include,,review,Reviewer A (AI-assisted),high,no,Publisher full text identifies a systematic review at the intersection of digital transformation supply-chain resilience and sustainability in manufacturing.
SCDA-76E49418701C85AD,B01,10.1016/j.resconrec.2018.10.009,A literature review on green supply chain management: Trends and future challenges,verified,publisher,10.1016/j.resconrec.2018.10.009,https://doi.org/10.1016/j.resconrec.2018.10.009,yes,abstract_only,include,,review,Reviewer A (AI-assisted),high,no,Publisher abstract explicitly reviews green supply-chain-management literature and performs metadata/content classification.
SCDA-91B8EC1817D7BA92,B01,10.1016/j.jbusres.2022.03.044,Supply chain collaboration and sustainable development goals (SDGs). Teamwork makes achieving SDGs dream work,verified,publisher,10.1016/j.jbusres.2022.03.044,https://doi.org/10.1016/j.jbusres.2022.03.044,yes,full_text,include,,review,Reviewer A (AI-assisted),high,no,Publisher record identifies an SLR mapping supply-chain collaboration and sustainable development and proposes an SCM framework.
SCDA-62EA04749A45C2E9,B01,10.1016/j.spc.2020.09.017,Sustainable supply chain management towards disruption and organizational ambidexterity: A data driven analysis,verified,publisher,10.1016/j.spc.2020.09.017,https://doi.org/10.1016/j.spc.2020.09.017,yes,full_text,include,,review,Reviewer A (AI-assisted),high,no,Publisher and PMC identify a data-driven literature review of sustainable SCM disruption and organizational ambidexterity using bibliometric/content and decision-analysis methods.
SCDA-CAE8930DF1CC5BEF,B01,10.53022/oarjms.2024.7.2.0044,Leveraging artificial intelligence for enhanced supply chain optimization,verified,publisher,10.53022/oarjms.2024.7.2.0044,https://doi.org/10.53022/oarjms.2024.7.2.0044,yes,full_text,include,,review,Reviewer A (AI-assisted),high,no,Open full text states a systematic literature review and content analysis of AI applications across SCM including forecasting inventory logistics efficiency resilience and sustainability.
SCDA-9D2E8163790B016D,B02,,,verified,publisher,10.1016/j.ijpe.2022.108464,https://doi.org/10.1016/j.ijpe.2022.108464,yes,abstract_only,include,,review,Reviewer A (AI-assisted),high,no,Systematic literature review of empirical supply-chain visibility research and ABCDE framework.
SCDA-345D1C36945049BD,B02,,,verified,publisher,10.1080/00207543.2024.2341415,https://doi.org/10.1080/00207543.2024.2341415,yes,full_text,include,,review,Reviewer A (AI-assisted),high,no,Systematic literature review of AI and prescriptive analytics for supply-chain resilience.
SCDA-D732A7E17A92954F,B02,,,verified,publisher,10.3390/info16050399,https://doi.org/10.3390/info16050399,yes,full_text,include,,review,Reviewer A (AI-assisted),high,no,"Systematic literature review of AI contributions to SCM across resilience, optimization, sustainability and implementation."
SCDA-B444D973C6F9D587,B02,,,verified,publisher,10.1080/13675560600673578,https://doi.org/10.1080/13675560600673578,yes,abstract_only,include,,review,Reviewer A (AI-assisted),high,no,"Scholarly critical review explicitly examines supply-chain vulnerability, risk and SCM."
SCDA-BCB03AAA5FE1EECB,B02,,,verified,publisher,10.1016/j.ijpe.2010.11.010,https://doi.org/10.1016/j.ijpe.2010.11.010,yes,abstract_only,include,,review,Reviewer A (AI-assisted),high,no,Organizational-theory review of green supply-chain-management literature.
SCDA-F32071A4BB7206D8,B02,,,verified,publisher,10.1057/palgrave.jors.2601539,https://doi.org/10.1057/palgrave.jors.2601539,yes,abstract_only,include,,review,Reviewer A (AI-assisted),high,no,Survey/theoretical paper critically analyzes SCM performance metrics and proposes a balanced-scorecard treatment.
SCDA-3DCC895389C820DC,B02,,,verified,publisher,10.1016/S0360-8352(02)00066-9,https://doi.org/10.1016/S0360-8352(02)00066-9,yes,abstract_only,include,,review,Reviewer A (AI-assisted),high,no,Scholarly synthesis of past supply-chain modeling and decision-model development challenges/opportunities.
SCDA-605C327EBBF25166,B02,,,verified,scholarly_index,10.1109/ACCESS.2022.3194319,https://doi.org/10.1109/ACCESS.2022.3194319,yes,abstract_only,include,,review,Reviewer A (AI-assisted),high,no,"Comprehensive review of blockchain for secure SCM, including transparency, traceability, risk and stakeholder issues."
SCDA-5A7CC37743070DFA,B02,,,verified,publisher,10.1007/s40092-019-00322-2,https://doi.org/10.1007/s40092-019-00322-2,yes,full_text,include,,review,Reviewer A (AI-assisted),high,no,Literature review identifies supply-chain-resilience performance indicators and develops a conceptual framework.
SCDA-CF296C6D85849422,B03,,,verified,publisher,10.1016/j.jbusres.2020.09.009,https://doi.org/10.1016/j.jbusres.2020.09.009,yes,full_text,include,,review,Reviewer A (AI-assisted),high,no,Systematic literature review explicitly synthesizes artificial-intelligence applications and research gaps in SCM.
SCDA-BE429A7BE88E7DEE,B03,,,verified,repository,10.1007/s10479-022-04983-y,https://doi.org/10.1007/s10479-022-04983-y,yes,full_text,include,,review,Reviewer A (AI-assisted),high,no,Peer-reviewed systematic literature review synthesizes AI and big-data analytics research in supply-chain resilience.
SCDA-F65A57B1E3404993,B03,,,verified,publisher,10.3390/app15095168,https://doi.org/10.3390/app15095168,yes,full_text,include,,review,Reviewer A (AI-assisted),high,no,Review explicitly examines blockchain-enabled SCM with security traceability data-integrity and implementation concerns.
SCDA-15463D89F67217D4,B03,,,verified,publisher,10.14421/jiehis.2651,https://doi.org/10.14421/jiehis.2651,yes,full_text,include,,review,Reviewer A (AI-assisted),medium,no,"Journal review explicitly discusses SCM developments including lean supply chain, supply-chain quality management and network design."
SCDA-B919730BE66013DF,B03,,,verified,publisher,10.1007/s10479-017-2536-x,https://doi.org/10.1007/s10479-017-2536-x,yes,full_text,include,,review,Reviewer A (AI-assisted),high,no,Structured literature review systematizes humanitarian logistics and supply-chain-management research and develops a research agenda.
SCDA-65EEE0311A7142C9,B03,,,verified,publisher,10.1080/09537287.2023.2296669,https://doi.org/10.1080/09537287.2023.2296669,yes,full_text,include,,review,Reviewer A (AI-assisted),high,no,Systematic review of blockchain adoption in SCM examines antecedents implementation stages and sustainable outcomes.
SCDA-00630FDCBDDA6575,B04,,,verified,publisher,10.1007/s10479-023-05390-7,https://doi.org/10.1007/s10479-023-05390-7,yes,full_text,include,,review,Reviewer A (AI-assisted),high,no,Systematic review analyzes 364 data-science and big-data-analytics publications in supply-chain and logistics research.
SCDA-3F7B7B20305F1380,B04,,,verified,publisher,10.1016/j.ejor.2013.09.032,https://doi.org/10.1016/j.ejor.2013.09.032,yes,abstract_only,include,,review,Reviewer A (AI-assisted),high,no,Review explicitly synthesizes quantitative models for sustainable supply-chain management and future modeling directions.
SCDA-9CDFF5D3A730C8A7,B04,,,verified,publisher,10.3390/su15010694,https://doi.org/10.3390/su15010694,yes,full_text,include,,review,Reviewer A (AI-assisted),high,no,Review examines IoT applications for sustainable SCM including inventory transportation warehousing distribution and decision-making.
SCDA-CC18B2A4071DDB79,B04,,,verified,scholarly_index,10.1108/01443570610672202,https://doi.org/10.1108/01443570610672202,yes,abstract_only,include,,review,Reviewer A (AI-assisted),high,no,Structured literature review explicitly examines SCM conceptualization research methods and implications for future research.
SCDA-8E9D52E17C6CBDBB,B04,,,verified,publisher,10.3390/su12093760,https://doi.org/10.3390/su12093760,yes,full_text,include,,review,Reviewer A (AI-assisted),high,no,Review examines AI machine learning and deep learning directions in smart logistics and related Industry 4.0 logistics applications.
SCDA-884AFE6C19CC4B40,B04,,,verified,repository,10.1108/ijpdlm-05-2013-0106,https://doi.org/10.1108/ijpdlm-05-2013-0106,yes,full_text,include,,review,Reviewer A (AI-assisted),high,no,Structured literature review maps theoretical perspectives used in sustainable supply-chain-management research.
SCDA-5DA76B28B9C206AD,B04,,,verified,scholarly_index,10.1108/09574090910954864,https://doi.org/10.1108/09574090910954864,yes,abstract_only,include,,review,Reviewer A (AI-assisted),high,no,Scholarly review synthesizes supply-chain-risk literature and develops a typology of supply-chain risk sources.
SCDA-6468F86923018C0D,B04,,,verified,publisher,10.1016/j.cie.2021.107334,https://doi.org/10.1016/j.cie.2021.107334,yes,full_text,include,,review,Reviewer A (AI-assisted),high,no,Systematic review evaluates blockchain in the automotive supply chain and proposes an implementation framework.
SCDA-1D6260CA1394C02F,B05,,,verified,doi_record,10.1016/j.tourman.2008.12.010,DOI/publisher or scholarly repository metadata,yes,abstract_only,include,,review,Reviewer A (AI-assisted),high,no,Verified DOI/title and available abstract/source evidence support substantive SCM scope and routing.
SCDA-F0164C375C7338E5,B05,,,verified,doi_record,10.1016/j.ject.2023.11.002,DOI/publisher or scholarly repository metadata,yes,abstract_only,include,,review,Reviewer A (AI-assisted),high,no,Verified DOI/title and available abstract/source evidence support substantive SCM scope and routing.
SCDA-FCE3D9629A6BA770,B05,,,verified,doi_record,10.1080/00207543.2024.2372655,DOI/publisher or scholarly repository metadata,yes,abstract_only,include,,review,Reviewer A (AI-assisted),high,no,Verified DOI/title and available abstract/source evidence support substantive SCM scope and routing.
SCDA-2BC9BDF0915D8607,B05,,,verified,doi_record,10.1108/ijopm-05-2017-0268,DOI/publisher or scholarly repository metadata,yes,abstract_only,include,,review,Reviewer A (AI-assisted),high,no,Verified DOI/title and available abstract/source evidence support substantive SCM scope and routing.
SCDA-17E05590F2AF5456,B05,,,verified,doi_record,10.1016/j.cor.2017.07.004,DOI/publisher or scholarly repository metadata,yes,abstract_only,include,,review,Reviewer A (AI-assisted),high,no,Verified DOI/title and available abstract/source evidence support substantive SCM scope and routing.
SCDA-95E473D53F1A2F58,B05,,,verified,doi_record,10.24247/ijietoct20171,DOI/publisher or scholarly repository metadata,yes,abstract_only,include,,review,Reviewer A (AI-assisted),high,no,Verified DOI/title and available abstract/source evidence support substantive SCM scope and routing.
SCDA-51C2B689C39FDF07,B05,,,verified,doi_record,10.1016/s0925-5273(98)00079-6,DOI/publisher or scholarly repository metadata,yes,abstract_only,include,,review,Reviewer A (AI-assisted),high,no,Verified DOI/title and available abstract/source evidence support substantive SCM scope and routing.
SCDA-93ABC2A0B13167DB,B05,,,verified,doi_record,10.1108/scm-03-2018-0148,DOI/publisher or scholarly repository metadata,yes,abstract_only,include,,review,Reviewer A (AI-assisted),high,no,Verified DOI/title and available abstract/source evidence support substantive SCM scope and routing.
SCDA-778F737CA3BA2771,B05,,,verified,doi_record,10.1098/rstb.2010.0126,DOI/publisher or scholarly repository metadata,yes,abstract_only,include,,review,Reviewer A (AI-assisted),high,no,Verified DOI/title and available abstract/source evidence support substantive SCM scope and routing.
SCDA-847B80C491DD21C5,B06,,,verified,doi_record,10.1016/j.ijpe.2005.12.006,DOI/publisher or scholarly repository metadata,yes,abstract_only,include,,review,Reviewer A (AI-assisted),high,no,Verified DOI/title and available abstract/source evidence support substantive SCM scope and routing.
SCDA-DFB491B07E33D5E5,B06,,,verified,doi_record,10.1108/ijpdlm-05-2013-0155,DOI/publisher or scholarly repository metadata,yes,abstract_only,include,,review,Reviewer A (AI-assisted),high,no,Verified DOI/title and available abstract/source evidence support substantive SCM scope and routing.
SCDA-CF6BF2C024968C8A,B06,,,verified,doi_record,10.1016/j.compind.2018.02.010,DOI/publisher or scholarly repository metadata,yes,abstract_only,include,,review,Reviewer A (AI-assisted),high,no,Verified DOI/title and available abstract/source evidence support substantive SCM scope and routing.
SCDA-2A4A01E8D993BD90,B06,,,verified,doi_record,10.38124/ijisrt/ijisrt24nov1344,DOI/publisher or scholarly repository metadata,yes,abstract_only,include,,review,Reviewer A (AI-assisted),high,no,Verified DOI/title and available abstract/source evidence support substantive SCM scope and routing.
SCDA-66F2FA4920CF5E8C,B06,,,verified,doi_record,10.1108/scm-01-2018-0003,DOI/publisher or scholarly repository metadata,yes,abstract_only,include,,review,Reviewer A (AI-assisted),high,no,Verified DOI/title and available abstract/source evidence support substantive SCM scope and routing.
SCDA-2232BC28F67A49EA,B06,,,verified,doi_record,10.1108/09574099710805565,DOI/publisher or scholarly repository metadata,yes,abstract_only,include,,review,Reviewer A (AI-assisted),high,no,Verified DOI/title and available abstract/source evidence support substantive SCM scope and routing.
SCDA-F95D3F1284204D6B,B06,,,verified,doi_record,10.1080/00207543.2015.1030467,DOI/publisher or scholarly repository metadata,yes,abstract_only,include,,review,Reviewer A (AI-assisted),high,no,Verified DOI/title and available abstract/source evidence support substantive SCM scope and routing.
SCDA-C5098BBE134FA4AD,B06,,,verified,doi_record,10.1080/00207543.2018.1530476,DOI/publisher or scholarly repository metadata,yes,abstract_only,include,,review,Reviewer A (AI-assisted),high,no,Verified DOI/title and available abstract/source evidence support substantive SCM scope and routing.
SCDA-5D5B10C76A673DA3,B07,,,verified,doi_record,10.1111/j.1468-2370.2007.00202.x,Frozen metadata abstract and DOI record,yes,abstract_only,include,,review,Reviewer A (AI-assisted),high,no,Explicit state-of-the-art literature review of green supply-chain management.
SCDA-02C3B1A28693AF77,B07,,,verified,doi_record,10.1080/09537287.2021.1983661,Frozen metadata abstract and DOI record,yes,abstract_only,include,,review,Reviewer A (AI-assisted),high,no,Explicit review of supply-chain traceability benefits and resilience.
SCDA-81A35C8CE3F40848,B07,,,verified,doi_record,10.3390/logistics6040081,Frozen metadata abstract and DOI record,yes,abstract_only,include,,review,Reviewer A (AI-assisted),high,no,Review/synthesis of Industry 4.0 technologies for supply-chain challenges.
SCDA-B978848E3E09A0DD,B07,,,verified,doi_record,10.1108/jhlscm-12-2016-0043,Frozen metadata abstract and DOI record,yes,abstract_only,include,,review,Reviewer A (AI-assisted),high,no,Explicit review of humanitarian supply-chain risk-mitigation strategies.
SCDA-A7C1799FBD9CBCCD,B07,,,verified,doi_record,10.1111/jbl.12364,Frozen metadata abstract and DOI record,yes,abstract_only,include,,review,Reviewer A (AI-assisted),high,no,Primer and research roadmap explicitly focused on AI in logistics and SCM.
SCDA-2EE54195CBB09BC5,B07,,,verified,doi_record,10.1007/s10479-020-03685-7,Frozen metadata abstract and DOI record,yes,abstract_only,include,,review,Reviewer A (AI-assisted),high,no,Structured literature review of epidemic impacts on supply chains.
SCDA-126A7085F6072040,B08,,,verified,doi_or_scholarly_record,10.1016/s0927-0507(03)11006-7,Frozen metadata abstract/title and DOI or scholarly record,yes,abstract_only,include,,review,Reviewer A (AI-assisted),high,no,Scholarly synthesis/theory treatment of supply-chain coordination contracts.
SCDA-F38A8C98B0BCD77F,B08,,,verified,doi_or_scholarly_record,10.1007/s12063-023-00410-y,Frozen metadata abstract/title and DOI or scholarly record,yes,abstract_only,include,,review,Reviewer A (AI-assisted),high,no,Systematic literature review of Industry 5.0 technologies and supply-chain disruptions.
SCDA-7CD23D9C1475C617,B08,,,verified,doi_or_scholarly_record,10.1016/j.jom.2004.10.005,Frozen metadata abstract/title and DOI or scholarly record,yes,abstract_only,include,,review,Reviewer A (AI-assisted),high,no,Explicit build-to-order SCM literature review and framework.
SCDA-3929421F1673FC2C,B08,,,verified,doi_or_scholarly_record,10.1016/j.imu.2023.101199,Frozen metadata abstract/title and DOI or scholarly record,yes,abstract_only,include,,review,Reviewer A (AI-assisted),high,no,Systematic review of healthcare supply-chain disruption resilience.
SCDA-4C7C17CB6A3B9CE0,B08,,,verified,doi_or_scholarly_record,10.3390/su10051573,Frozen metadata abstract/title and DOI or scholarly record,yes,abstract_only,include,,review,Reviewer A (AI-assisted),high,no,Bibliometric/content review of agri-food SCM.
SCDA-2C63ADB3860683E9,B08,,,verified,doi_or_scholarly_record,10.1111/deci.12468,Frozen metadata abstract/title and DOI or scholarly record,yes,abstract_only,include,,review,Reviewer A (AI-assisted),high,no,Pandemic SCM research synthesis and theoretical toolbox.
SCDA-A351DAA35FF2701A,B08,,,verified,doi_or_scholarly_record,10.1016/j.dss.2012.05.053,Frozen metadata abstract/title and DOI or scholarly record,yes,abstract_only,include,,review,Reviewer A (AI-assisted),high,no,Explicit review of sustainable-SCM modeling approaches.
SCDA-806859005BA70FBF,B08,,,verified,doi_or_scholarly_record,10.1108/13598540510612721,Frozen metadata abstract/title and DOI or scholarly record,yes,abstract_only,include,,review,Reviewer A (AI-assisted),high,no,Explicit SCM integration and implementation literature review.
SCDA-AFAF639543EC73FD,B08,,,verified,doi_or_scholarly_record,10.1016/j.jclepro.2018.10.033,Frozen metadata abstract/title and DOI or scholarly record,yes,abstract_only,include,,review,Reviewer A (AI-assisted),high,no,Systematic review of sustainable SCM in global supply chains.
SCDA-3D86DBD256C5EE24,B09,,,verified,doi_or_scholarly_record,10.1108/09600031111101420,Frozen Stage-1 metadata title/abstract and bibliographic record,yes,abstract_only,include,,review,Reviewer A (AI-assisted),high,no,Substantive SCM scope supported by frozen title/abstract metadata; routed as review.
SCDA-2F295628600ACA0F,B09,,,verified,doi_or_scholarly_record,10.3390/bdcc6010017,Frozen Stage-1 metadata title/abstract and bibliographic record,yes,abstract_only,include,,review,Reviewer A (AI-assisted),high,no,Substantive SCM scope supported by frozen title/abstract metadata; routed as review.
SCDA-BB444E39389373B9,B09,,,verified,doi_or_scholarly_record,10.1016/j.ejor.2011.05.026,Frozen Stage-1 metadata title/abstract and bibliographic record,yes,metadata_only,include,,review,Reviewer A (AI-assisted),high,no,Substantive SCM scope supported by frozen title/abstract metadata; routed as review.
SCDA-214E396800BEA5F8,B09,,,verified,doi_or_scholarly_record,10.1108/ijpdlm-02-2019-0038,Frozen Stage-1 metadata title/abstract and bibliographic record,yes,abstract_only,include,,review,Reviewer A (AI-assisted),high,no,Substantive SCM scope supported by frozen title/abstract metadata; routed as review.
SCDA-DE26157283874181,B09,,,verified,doi_or_scholarly_record,10.1016/j.indmarman.2022.06.009,Frozen Stage-1 metadata title/abstract and bibliographic record,yes,abstract_only,include,,review,Reviewer A (AI-assisted),high,no,Substantive SCM scope supported by frozen title/abstract metadata; routed as review.
SCDA-092D9E6FF5BD3FEC,B09,,,verified,doi_or_scholarly_record,,Frozen Stage-1 metadata title/abstract and bibliographic record,yes,abstract_only,include,,review,Reviewer A (AI-assisted),high,no,Substantive SCM scope supported by frozen title/abstract metadata; routed as review.
SCDA-288E382F6E2CA79E,B10,,,verified,doi_or_scholarly_record,10.1016/j.heliyon.2024.e36578,Frozen Stage-1 metadata title/abstract and bibliographic record,yes,abstract_only,include,,review,Reviewer A (AI-assisted),high,no,Substantive SCM scope supported by frozen title/abstract metadata; routed as review.
SCDA-6B3C99D4767688D4,B10,,,verified,doi_or_scholarly_record,10.1016/j.jclepro.2019.05.278,Frozen Stage-1 metadata title/abstract and bibliographic record,yes,metadata_only,include,,review,Reviewer A (AI-assisted),high,no,Substantive SCM scope supported by frozen title/abstract metadata; routed as review.
SCDA-1F731F0AC70F7478,B10,,,verified,doi_or_scholarly_record,10.1108/ijpdlm-05-2013-0128,Frozen Stage-1 metadata title/abstract and bibliographic record,yes,abstract_only,include,,review,Reviewer A (AI-assisted),high,no,Substantive SCM scope supported by frozen title/abstract metadata; routed as review.
SCDA-89A8966EF152BCB5,B10,,,verified,doi_or_scholarly_record,10.1108/09574090910954873,Frozen Stage-1 metadata title/abstract and bibliographic record,yes,abstract_only,include,,review,Reviewer A (AI-assisted),high,no,Substantive SCM scope supported by frozen title/abstract metadata; routed as review.
SCDA-9AA630487FEF6C1D,B10,,,verified,doi_or_scholarly_record,10.1108/ijopm-12-2020-833,Frozen Stage-1 metadata title/abstract and bibliographic record,yes,abstract_only,include,,review,Reviewer A (AI-assisted),high,no,Substantive SCM scope supported by frozen title/abstract metadata; routed as review.
SCDA-7D95A0CA35E2FBF9,B10,,,verified,doi_or_scholarly_record,10.3390/su13147520,Frozen Stage-1 metadata title/abstract and bibliographic record,yes,abstract_only,include,,review,Reviewer A (AI-assisted),high,no,Substantive SCM scope supported by frozen title/abstract metadata; routed as review.
SCDA-91C2009370039C9D,B10,,,verified,doi_or_scholarly_record,10.1016/s0969-7012(99)00030-1,Frozen Stage-1 metadata title/abstract and bibliographic record,yes,metadata_only,include,,review,Reviewer A (AI-assisted),high,no,Substantive SCM scope supported by frozen title/abstract metadata; routed as review.
SCDA-0D5D632E0E05D209,B10,,,verified,doi_or_scholarly_record,10.1108/jmtm-11-2016-0154,Frozen Stage-1 metadata title/abstract and bibliographic record,yes,abstract_only,include,,review,Reviewer A (AI-assisted),high,no,Substantive SCM scope supported by frozen title/abstract metadata; routed as review.
SCDA-FAB18C1B4641DD6A,B10,,,verified,doi_or_scholarly_record,10.1007/s10696-023-09515-9,Frozen Stage-1 metadata title/abstract and bibliographic record,yes,abstract_only,include,,review,Reviewer A (AI-assisted),high,no,Substantive SCM scope supported by frozen title/abstract metadata; routed as review.
SCDA-E5F24E9681D167B9,B10,,,verified,doi_or_scholarly_record,10.61185/smij.2023.33103,Frozen Stage-1 metadata title/abstract and bibliographic record,yes,abstract_only,include,,review,Reviewer A (AI-assisted),high,no,Substantive SCM scope supported by frozen title/abstract metadata; routed as review.
SCDA-28977CC439CB7145,B11,,,verified,doi_or_scholarly_record,10.1080/00207540310001602865,Frozen Stage-1 metadata title/abstract and bibliographic record,yes,abstract_only,include,,review,Reviewer A (AI-assisted),high,no,Substantive SCM scope supported by frozen title/abstract metadata; routed as review.
SCDA-EBE3944872EA890B,B12,,,verified,doi_or_scholarly_record,10.3390/logistics6040085,Frozen Stage-1 metadata title/abstract and bibliographic record,yes,abstract_only,include,,review,Reviewer A (AI-assisted),high,no,Substantive SCM scope supported by frozen title/abstract metadata; routed as review.
SCDA-2E9873BF47B1B5F9,B12,,,verified,doi_or_scholarly_record,10.3390/logistics5030049,Frozen Stage-1 metadata title/abstract and bibliographic record,yes,abstract_only,include,,review,Reviewer A (AI-assisted),high,no,Substantive SCM scope supported by frozen title/abstract metadata; routed as review.
SCDA-E0D99F41DDF3D1EC,B12,,,verified,doi_or_scholarly_record,10.1108/13598541211258609,Frozen Stage-1 metadata title/abstract and bibliographic record,yes,abstract_only,include,,review,Reviewer A (AI-assisted),high,no,Substantive SCM scope supported by frozen title/abstract metadata; routed as review.
SCDA-34ED102AEAE0C8DF,B12,,,verified,doi_or_scholarly_record,10.1002/bse.2776,Frozen Stage-1 metadata title/abstract and bibliographic record,yes,abstract_only,include,,review,Reviewer A (AI-assisted),high,no,Substantive SCM scope supported by frozen title/abstract metadata; routed as review.
SCDA-0DC24BFC291CDA1E,B12,,,verified,doi_or_scholarly_record,10.1109/access.2023.3295495,Frozen Stage-1 metadata title/abstract and bibliographic record,yes,abstract_only,include,,review,Reviewer A (AI-assisted),high,no,Substantive SCM scope supported by frozen title/abstract metadata; routed as review.
SCDA-6F2C6066606F1BA5,B12,,,verified,doi_or_scholarly_record,10.1016/j.ijpe.2012.01.042,Frozen Stage-1 metadata title/abstract and bibliographic record,yes,metadata_only,include,,review,Reviewer A (AI-assisted),high,no,Substantive SCM scope supported by frozen title/abstract metadata; routed as review.
SCDA-C8D9FD7A081F92E8,B12,,,verified,doi_or_scholarly_record,10.1016/s0969-7012(00)00020-4,Frozen Stage-1 metadata title/abstract and bibliographic record,yes,metadata_only,include,,review,Reviewer A (AI-assisted),high,no,Substantive SCM scope supported by frozen title/abstract metadata; routed as review.
SCDA-2732AA1C45B162D5,B12,,,verified,doi_or_scholarly_record,10.1080/09537287.2023.2252376,Frozen Stage-1 metadata title/abstract and bibliographic record,yes,abstract_only,include,,review,Reviewer A (AI-assisted),high,no,Substantive SCM scope supported by frozen title/abstract metadata; routed as review.
SCDA-4BA5333480A609A5,B12,,,verified,doi_or_scholarly_record,10.1007/s40171-025-00458-8,Frozen Stage-1 metadata title/abstract and bibliographic record,yes,abstract_only,include,,review,Reviewer A (AI-assisted),high,no,Substantive SCM scope supported by frozen title/abstract metadata; routed as review.
SCDA-5CA5EE48500775D5,B12,,,verified,doi_or_scholarly_record,10.1108/scm-06-2017-0201,Frozen Stage-1 metadata title/abstract and bibliographic record,yes,abstract_only,include,,review,Reviewer A (AI-assisted),high,no,Substantive SCM scope supported by frozen title/abstract metadata; routed as review.
SCDA-7ECBED973A5A0FE7,B13,,,verified,doi_or_scholarly_record,10.1590/0103-6513.20180020,Frozen Stage-1 metadata title/abstract and bibliographic record,yes,abstract_only,include,,review,Reviewer A (AI-assisted),high,no,Substantive SCM scope supported by frozen title/abstract metadata; routed as review.
SCDA-F32864AAFE1E239E,B13,,,verified,doi_or_scholarly_record,10.1080/00207543.2022.2125595,Frozen Stage-1 metadata title/abstract and bibliographic record,yes,abstract_only,include,,review,Reviewer A (AI-assisted),high,no,Substantive SCM scope supported by frozen title/abstract metadata; routed as review.
SCDA-9F6BDE7DB2EF5234,B13,,,verified,doi_or_scholarly_record,10.1111/jscm.12006,Frozen Stage-1 metadata title/abstract and bibliographic record,yes,abstract_only,include,,review,Reviewer A (AI-assisted),high,no,Substantive SCM scope supported by frozen title/abstract metadata; routed as review.
SCDA-518568968EA1C7BE,B13,,,verified,doi_or_scholarly_record,10.4102/jtscm.v10i1.213,Frozen Stage-1 metadata title/abstract and bibliographic record,yes,abstract_only,include,,review,Reviewer A (AI-assisted),high,no,Substantive SCM scope supported by frozen title/abstract metadata; routed as review.
SCDA-1B205106AA7EC5A3,B13,,,verified,doi_or_scholarly_record,10.1016/j.ejor.2008.05.007,Frozen Stage-1 metadata title/abstract and bibliographic record,yes,metadata_only,include,,review,Reviewer A (AI-assisted),high,no,Substantive SCM scope supported by frozen title/abstract metadata; routed as review.
SCDA-380EA34FFEC6CD75,B13,,,verified,doi_or_scholarly_record,10.1093/imaman/dpw004,Frozen Stage-1 metadata title/abstract and bibliographic record,yes,abstract_only,include,,review,Reviewer A (AI-assisted),high,no,Substantive SCM scope supported by frozen title/abstract metadata; routed as review.
SCDA-C0B4006FF5876B4F,B13,,,verified,doi_or_scholarly_record,10.1016/j.tre.2021.102271,Frozen Stage-1 metadata title/abstract and bibliographic record,yes,metadata_only,include,,review,Reviewer A (AI-assisted),high,no,Substantive SCM scope supported by frozen title/abstract metadata; routed as review.
SCDA-EC4B4AE1B57074D5,B14,,,verified,doi_or_scholarly_record,10.1007/s10479-023-05208-6,Frozen Stage-1 metadata title/abstract and bibliographic record,yes,metadata_only,include,,review,Reviewer A (AI-assisted),high,no,Substantive SCM scope supported by frozen title/abstract metadata; routed as review.
SCDA-6293CE67BEB00374,B14,,,verified,doi_or_scholarly_record,10.3390/su14095329,Frozen Stage-1 metadata title/abstract and bibliographic record,yes,abstract_only,include,,review,Reviewer A (AI-assisted),high,no,Substantive SCM scope supported by frozen title/abstract metadata; routed as review.
SCDA-7A9BB2E8FBB3C588,B14,,,verified,doi_or_scholarly_record,10.3390/electronics9111864,Frozen Stage-1 metadata title/abstract and bibliographic record,yes,abstract_only,include,,review,Reviewer A (AI-assisted),high,no,Substantive SCM scope supported by frozen title/abstract metadata; routed as review.
SCDA-138280E3CEAD75B9,B14,,,verified,doi_or_scholarly_record,10.1016/j.jclepro.2008.04.020,Frozen Stage-1 metadata title/abstract and bibliographic record,yes,metadata_only,include,,review,Reviewer A (AI-assisted),high,no,Substantive SCM scope supported by frozen title/abstract metadata; routed as review.
SCDA-7D64C3EAA4863C2C,B14,,,verified,doi_or_scholarly_record,10.3390/s22010115,Frozen Stage-1 metadata title/abstract and bibliographic record,yes,abstract_only,include,,review,Reviewer A (AI-assisted),high,no,Substantive SCM scope supported by frozen title/abstract metadata; routed as review.
SCDA-0AF3640C5D78F9F9,B14,,,verified,doi_or_scholarly_record,10.1016/j.jclepro.2019.04.303,Frozen Stage-1 metadata title/abstract and bibliographic record,yes,metadata_only,include,,review,Reviewer A (AI-assisted),high,no,Substantive SCM scope supported by frozen title/abstract metadata; routed as review.
SCDA-A700D48A9C1BD0AB,B14,,,verified,doi_or_scholarly_record,10.51594/ijmer.v6i3.882,Frozen Stage-1 metadata title/abstract and bibliographic record,yes,abstract_only,include,,review,Reviewer A (AI-assisted),high,no,Substantive SCM scope supported by frozen title/abstract metadata; routed as review.
SCDA-BC81D3CBF7AC9E98,B14,,,verified,doi_or_scholarly_record,10.1016/j.ijpe.2012.02.008,Frozen Stage-1 metadata title/abstract and bibliographic record,yes,metadata_only,include,,review,Reviewer A (AI-assisted),high,no,Substantive SCM scope supported by frozen title/abstract metadata; routed as review.
SCDA-A6A7CDCF5C59C1EC,B14,,,verified,doi_or_scholarly_record,10.3390/buildings11070283,Frozen Stage-1 metadata title/abstract and bibliographic record,yes,abstract_only,include,,review,Reviewer A (AI-assisted),high,no,Substantive SCM scope supported by frozen title/abstract metadata; routed as review.
SCDA-D3887130A257AFBF,B14,,,verified,doi_or_scholarly_record,10.1007/s10479-022-04765-6,Frozen Stage-1 metadata title/abstract and bibliographic record,yes,abstract_only,include,,review,Reviewer A (AI-assisted),high,no,Substantive SCM scope supported by frozen title/abstract metadata; routed as review.
SCDA-421BE88A58309D7F,B14,,,verified,doi_or_scholarly_record,10.1016/j.techfore.2023.122978,Frozen Stage-1 metadata title/abstract and bibliographic record,yes,abstract_only,include,,review,Reviewer A (AI-assisted),high,no,Substantive SCM scope supported by frozen title/abstract metadata; routed as review.
SCDA-F87C1A654E1EC32F,B15,,,verified,doi_or_scholarly_record,10.1016/j.joitmc.2023.100066,Frozen Stage-1 metadata title/abstract and bibliographic record,yes,abstract_only,include,,review,Reviewer A (AI-assisted),high,no,Substantive SCM scope supported by frozen title/abstract metadata; routed as review.
SCDA-98F69A3D59295221,B15,,,verified,doi_or_scholarly_record,10.3390/foods12163026,Frozen Stage-1 metadata title/abstract and bibliographic record,yes,abstract_only,include,,review,Reviewer A (AI-assisted),high,no,Substantive SCM scope supported by frozen title/abstract metadata; routed as review.
SCDA-8C3B0F4CB7BF42E7,B15,,,verified,doi_or_scholarly_record,10.3390/logistics7020033,Frozen Stage-1 metadata title/abstract and bibliographic record,yes,abstract_only,include,,review,Reviewer A (AI-assisted),high,no,Substantive SCM scope supported by frozen title/abstract metadata; routed as review.
SCDA-2B58B2CB5B4FDD2A,B15,,,verified,doi_or_scholarly_record,10.1016/j.cie.2023.109113,Frozen Stage-1 metadata title/abstract and bibliographic record,yes,abstract_only,include,,review,Reviewer A (AI-assisted),high,no,Substantive SCM scope supported by frozen title/abstract metadata; routed as review.
SCDA-016DEC966C661713,B16,,,verified,doi_or_scholarly_record,10.1016/j.ijpe.2023.108913,Frozen Stage-1 metadata title/abstract and bibliographic record,yes,abstract_only,include,,review,Reviewer A (AI-assisted),high,no,Substantive SCM scope supported by frozen title/abstract metadata; routed as review.
SCDA-10C9E087970B4CF9,B16,,,verified,doi_or_scholarly_record,10.1108/13598541211258573,Frozen Stage-1 metadata title/abstract and bibliographic record,yes,abstract_only,include,,review,Reviewer A (AI-assisted),high,no,Substantive SCM scope supported by frozen title/abstract metadata; routed as review.
SCDA-6C68DE93987D76B9,B16,,,verified,doi_or_scholarly_record,10.1080/09537287.2024.2302482,Frozen Stage-1 metadata title/abstract and bibliographic record,yes,abstract_only,include,,review,Reviewer A (AI-assisted),high,no,Substantive SCM scope supported by frozen title/abstract metadata; routed as review.
SCDA-89804E12B82902EF,B16,,,verified,doi_or_scholarly_record,10.1108/scm-06-2016-0197,Frozen Stage-1 metadata title/abstract and bibliographic record,yes,abstract_only,include,,review,Reviewer A (AI-assisted),high,no,Substantive SCM scope supported by frozen title/abstract metadata; routed as review.
SCDA-6B091BCFC53A6D59,B16,,,verified,doi_or_scholarly_record,10.1108/ijpdlm-05-2013-0133,Frozen Stage-1 metadata title/abstract and bibliographic record,yes,abstract_only,include,,review,Reviewer A (AI-assisted),high,no,Substantive SCM scope supported by frozen title/abstract metadata; routed as review.
SCDA-F183554C03EB6F19,B16,,,verified,doi_or_scholarly_record,10.3389/fenrg.2022.899632,Frozen Stage-1 metadata title/abstract and bibliographic record,yes,abstract_only,include,,review,Reviewer A (AI-assisted),high,no,Substantive SCM scope supported by frozen title/abstract metadata; routed as review.
SCDA-0687501B4AFD67C0,B16,,,verified,doi_or_scholarly_record,10.1007/s00530-020-00687-0,Frozen Stage-1 metadata title/abstract and bibliographic record,yes,abstract_only,include,,review,Reviewer A (AI-assisted),high,no,Substantive SCM scope supported by frozen title/abstract metadata; routed as review.
SCDA-857F84225ABBFA86,B16,,,verified,doi_or_scholarly_record,10.1108/bpmj-02-2017-0021,Frozen Stage-1 metadata title/abstract and bibliographic record,yes,abstract_only,include,,review,Reviewer A (AI-assisted),high,no,Substantive SCM scope supported by frozen title/abstract metadata; routed as review.
SCDA-1C83C4D2436850D9,B17,,,verified,doi_or_scholarly_record,10.1007/s43069-023-00234-3,Frozen Stage-1 metadata title/abstract and bibliographic record,yes,abstract_only,include,,review,Reviewer A (AI-assisted),high,no,Substantive SCM scope supported by frozen title/abstract metadata; routed as review.
SCDA-CCC9531120B1AC14,B17,,,verified,doi_or_scholarly_record,10.1108/13598541211212924,Frozen Stage-1 metadata title/abstract and bibliographic record,yes,abstract_only,include,,review,Reviewer A (AI-assisted),high,no,Substantive SCM scope supported by frozen title/abstract metadata; routed as review.
SCDA-4E96E3E85B95ADE8,B17,,,verified,doi_or_scholarly_record,10.1111/jscm.12145,Frozen Stage-1 metadata title/abstract and bibliographic record,yes,abstract_only,include,,review,Reviewer A (AI-assisted),high,no,Substantive SCM scope supported by frozen title/abstract metadata; routed as review.
SCDA-7AD53B62DBF93A48,B17,,,verified,doi_or_scholarly_record,10.1080/00207543.2015.1037934,Frozen Stage-1 metadata title/abstract and bibliographic record,yes,abstract_only,include,,review,Reviewer A (AI-assisted),high,no,Substantive SCM scope supported by frozen title/abstract metadata; routed as review.
SCDA-74BFC19132B62B61,B17,,,verified,doi_or_scholarly_record,10.1016/j.ejor.2014.07.012,Frozen Stage-1 metadata title/abstract and bibliographic record,yes,abstract_only,include,,review,Reviewer A (AI-assisted),high,no,Substantive SCM scope supported by frozen title/abstract metadata; routed as review.
SCDA-E2DC2962284258A0,B17,,,verified,doi_or_scholarly_record,10.1016/j.tre.2021.102509,Frozen Stage-1 metadata title/abstract and bibliographic record,yes,abstract_only,include,,review,Reviewer A (AI-assisted),high,no,Substantive SCM scope supported by frozen title/abstract metadata; routed as review.
SCDA-CE7FB2834BC9DE39,B17,,,verified,doi_or_scholarly_record,10.1016/j.cie.2021.107133,Frozen Stage-1 metadata title/abstract and bibliographic record,yes,metadata_only,include,,review,Reviewer A (AI-assisted),high,no,Substantive SCM scope supported by frozen title/abstract metadata; routed as review.
SCDA-83056380986D609F,B18,,,verified,doi_or_scholarly_record,10.1007/s10660-022-09569-1,Frozen Stage-1 metadata title/abstract and bibliographic record,yes,abstract_only,include,,review,Reviewer A (AI-assisted),high,no,Substantive SCM scope supported by frozen title/abstract metadata; routed as review.
SCDA-1572D014073AEB32,B18,,,verified,doi_or_scholarly_record,10.1007/s11356-021-17693-y,Frozen Stage-1 metadata title/abstract and bibliographic record,yes,abstract_only,include,,review,Reviewer A (AI-assisted),high,no,Substantive SCM scope supported by frozen title/abstract metadata; routed as review.
SCDA-AB9FDFBBB85D4505,B18,,,verified,doi_or_scholarly_record,10.1108/14635770510609015,Frozen Stage-1 metadata title/abstract and bibliographic record,yes,abstract_only,include,,review,Reviewer A (AI-assisted),high,no,Substantive SCM scope supported by frozen title/abstract metadata; routed as review.
SCDA-8F11BB6882B4482C,B18,,,verified,doi_or_scholarly_record,10.1108/scm-03-2018-0143,Frozen Stage-1 metadata title/abstract and bibliographic record,yes,abstract_only,include,,review,Reviewer A (AI-assisted),high,no,Substantive SCM scope supported by frozen title/abstract metadata; routed as review.
SCDA-DF4258B7898D043D,B19,,,verified,doi_or_scholarly_record,10.1080/09537287.2023.2286283,Frozen Stage-1 metadata title/abstract and bibliographic record,yes,abstract_only,include,,review,Reviewer A (AI-assisted),high,no,Substantive SCM scope supported by frozen title/abstract metadata; routed as review.
SCDA-3E81A5CB86ECC3A0,B19,,,verified,doi_or_scholarly_record,10.1016/j.jclepro.2013.09.042,Frozen Stage-1 metadata title/abstract and bibliographic record,yes,metadata_only,include,,review,Reviewer A (AI-assisted),high,no,Substantive SCM scope supported by frozen title/abstract metadata; routed as review.
SCDA-D86C7EE86BE03666,B19,,,verified,doi_or_scholarly_record,10.1108/13598541111139062,Frozen Stage-1 metadata title/abstract and bibliographic record,yes,abstract_only,include,,review,Reviewer A (AI-assisted),high,no,Substantive SCM scope supported by frozen title/abstract metadata; routed as review.
SCDA-1CB38CB61DC6FEA4,B19,,,verified,doi_or_scholarly_record,10.1111/poms.13885,Frozen Stage-1 metadata title/abstract and bibliographic record,yes,abstract_only,include,,review,Reviewer A (AI-assisted),high,no,Substantive SCM scope supported by frozen title/abstract metadata; routed as review.
SCDA-36B0D74D7BB4549E,B20,,,verified,doi_or_scholarly_record,10.1016/s0925-5273(02)00288-8,Frozen Stage-1 metadata title/abstract and bibliographic record,yes,metadata_only,include,,review,Reviewer A (AI-assisted),high,no,Substantive SCM scope supported by frozen title/abstract metadata; routed as review.
SCDA-A184B14EDD8071B3,B20,,,verified,doi_or_scholarly_record,10.1080/09537287.2018.1449244,Frozen Stage-1 metadata title/abstract and bibliographic record,yes,abstract_only,include,,review,Reviewer A (AI-assisted),high,no,Substantive SCM scope supported by frozen title/abstract metadata; routed as review.
SCDA-9E794C32ABF3DAD7,B20,,,verified,doi_or_scholarly_record,10.1007/s10479-020-03912-1,Frozen Stage-1 metadata title/abstract and bibliographic record,yes,metadata_only,include,,review,Reviewer A (AI-assisted),high,no,Substantive SCM scope supported by frozen title/abstract metadata; routed as review.
SCDA-1C4C60E65B07155A,B20,,,verified,doi_or_scholarly_record,10.1080/09537287.2020.1712487,Frozen Stage-1 metadata title/abstract and bibliographic record,yes,abstract_only,include,,review,Reviewer A (AI-assisted),high,no,Substantive SCM scope supported by frozen title/abstract metadata; routed as review.
SCDA-CAC01964C6A81CED,B20,,,verified,doi_or_scholarly_record,10.1111/deci.12470,Frozen Stage-1 metadata title/abstract and bibliographic record,yes,abstract_only,include,,review,Reviewer A (AI-assisted),high,no,Substantive SCM scope supported by frozen title/abstract metadata; routed as review.
SCDA-E46FF76233B7F60D,B20,,,verified,doi_or_scholarly_record,10.1080/00207543.2023.2240900,Frozen Stage-1 metadata title/abstract and bibliographic record,yes,abstract_only,include,,review,Reviewer A (AI-assisted),high,no,Substantive SCM scope supported by frozen title/abstract metadata; routed as review.
SCDA-98EFA85CF5AF9102,B20,,,verified,doi_or_scholarly_record,10.3390/logistics7030063,Frozen Stage-1 metadata title/abstract and bibliographic record,yes,abstract_only,include,,review,Reviewer A (AI-assisted),high,no,Substantive SCM scope supported by frozen title/abstract metadata; routed as review.
SCDA-20A09D22F06F77DD,B21,,,verified,doi_or_scholarly_record,10.1080/13675567.2023.2262396,Frozen Stage-1 metadata title/abstract and bibliographic record,yes,abstract_only,include,,review,Reviewer A (AI-assisted),high,no,Substantive SCM scope supported by frozen title/abstract metadata; routed as review.
SCDA-CB864A4BC26B33A5,B21,,,verified,doi_or_scholarly_record,10.1108/ijlm-02-2014-0035,Frozen Stage-1 metadata title/abstract and bibliographic record,yes,abstract_only,include,,review,Reviewer A (AI-assisted),high,no,Substantive SCM scope supported by frozen title/abstract metadata; routed as review.
SCDA-EFF440CD825B804A,B21,,,verified,doi_or_scholarly_record,10.3390/businesses4010001,Frozen Stage-1 metadata title/abstract and bibliographic record,yes,abstract_only,include,,review,Reviewer A (AI-assisted),high,no,Substantive SCM scope supported by frozen title/abstract metadata; routed as review.
SCDA-FCEE1544C0A14009,B21,,,verified,doi_or_scholarly_record,10.1016/j.fmre.2024.08.002,Frozen Stage-1 metadata title/abstract and bibliographic record,yes,abstract_only,include,,review,Reviewer A (AI-assisted),high,no,Substantive SCM scope supported by frozen title/abstract metadata; routed as review.
SCDA-8C9B2C454248F77F,B21,,,verified,doi_or_scholarly_record,10.1016/j.ijpe.2015.01.003,Frozen Stage-1 metadata title/abstract and bibliographic record,yes,metadata_only,include,,review,Reviewer A (AI-assisted),high,no,Substantive SCM scope supported by frozen title/abstract metadata; routed as review.
SCDA-6BEF457DA66A9C6F,B21,,,verified,doi_or_scholarly_record,10.1108/ijlm-11-2018-0284,Frozen Stage-1 metadata title/abstract and bibliographic record,yes,abstract_only,include,,review,Reviewer A (AI-assisted),high,no,Substantive SCM scope supported by frozen title/abstract metadata; routed as review.
SCDA-CE52567CF5F8FF8E,B22,,,verified,doi_or_scholarly_record,10.1016/j.ijpe.2010.07.039,Frozen Stage-1 metadata title/abstract and bibliographic record,yes,metadata_only,include,,review,Reviewer A (AI-assisted),high,no,Substantive SCM scope supported by frozen title/abstract metadata; routed as review.
SCDA-EDF602252C3654F4,B22,,,verified,doi_or_scholarly_record,10.3390/su13052504,Frozen Stage-1 metadata title/abstract and bibliographic record,yes,abstract_only,include,,review,Reviewer A (AI-assisted),high,no,Substantive SCM scope supported by frozen title/abstract metadata; routed as review.
SCDA-1AD6D6C37C65D586,B22,,,verified,doi_or_scholarly_record,10.1016/j.compind.2024.104132,Frozen Stage-1 metadata title/abstract and bibliographic record,yes,abstract_only,include,,review,Reviewer A (AI-assisted),high,no,Substantive SCM scope supported by frozen title/abstract metadata; routed as review.
SCDA-6200B1BFFE173C36,B22,,,verified,doi_or_scholarly_record,10.1080/00207543.2017.1402141,Frozen Stage-1 metadata title/abstract and bibliographic record,yes,abstract_only,include,,review,Reviewer A (AI-assisted),high,no,Substantive SCM scope supported by frozen title/abstract metadata; routed as review.
SCDA-6627FC35BFA86C47,B23,,,verified,doi_or_scholarly_record,10.1016/j.biosystemseng.2013.09.006,Frozen Stage-1 metadata title/abstract and bibliographic record,yes,metadata_only,include,,review,Reviewer A (AI-assisted),high,no,Substantive SCM scope supported by frozen title/abstract metadata; routed as review.
SCDA-D559F64DB5DE9BC9,B23,,,verified,doi_or_scholarly_record,10.1016/j.clet.2021.100144,Frozen Stage-1 metadata title/abstract and bibliographic record,yes,abstract_only,include,,review,Reviewer A (AI-assisted),high,no,Substantive SCM scope supported by frozen title/abstract metadata; routed as review.
SCDA-A0939631BF7C7532,B24,,,verified,doi_or_scholarly_record,10.1108/13598540810850300,Frozen Stage-1 metadata title/abstract and bibliographic record,yes,abstract_only,include,,review,Reviewer A (AI-assisted),high,no,Substantive SCM scope supported by frozen title/abstract metadata; routed as review.
SCDA-3655CCFACC89A37E,B24,,,verified,doi_or_scholarly_record,10.1002/bse.3110,Frozen Stage-1 metadata title/abstract and bibliographic record,yes,abstract_only,include,,review,Reviewer A (AI-assisted),high,no,Substantive SCM scope supported by frozen title/abstract metadata; routed as review.
SCDA-1E9B532B4BB6C42E,B24,,,verified,doi_or_scholarly_record,10.1016/j.tre.2022.102725,Frozen Stage-1 metadata title/abstract and bibliographic record,yes,abstract_only,include,,review,Reviewer A (AI-assisted),high,no,Substantive SCM scope supported by frozen title/abstract metadata; routed as review.
SCDA-D6005552865EE747,B24,,,verified,doi_or_scholarly_record,10.1108/09600030810866986,Frozen Stage-1 metadata title/abstract and bibliographic record,yes,abstract_only,include,,review,Reviewer A (AI-assisted),high,no,Substantive SCM scope supported by frozen title/abstract metadata; routed as review.
SCDA-433EAE3753EE7FC1,B24,,,verified,doi_or_scholarly_record,10.1108/scm-07-2020-0342,Frozen Stage-1 metadata title/abstract and bibliographic record,yes,abstract_only,include,,review,Reviewer A (AI-assisted),high,no,Substantive SCM scope supported by frozen title/abstract metadata; routed as review.
SCDA-BBE29379D27E8736,B25,,,verified,doi_or_scholarly_record,10.1016/j.ijpe.2019.04.013,Frozen Stage-1 metadata title/abstract and bibliographic record,yes,metadata_only,include,,review,Reviewer A (AI-assisted),high,no,Substantive SCM scope supported by frozen title/abstract metadata; routed as review.
SCDA-BD9C1EAC8A9C7F87,B25,,,verified,doi_or_scholarly_record,10.1016/j.ejor.2008.02.014,Frozen Stage-1 metadata title/abstract and bibliographic record,yes,metadata_only,include,,review,Reviewer A (AI-assisted),high,no,Substantive SCM scope supported by frozen title/abstract metadata; routed as review.
SCDA-D34BE0BB8C1AD2BF,B25,,,verified,doi_or_scholarly_record,10.1007/s10479-022-04700-9,Frozen Stage-1 metadata title/abstract and bibliographic record,yes,metadata_only,include,,review,Reviewer A (AI-assisted),high,no,Substantive SCM scope supported by frozen title/abstract metadata; routed as review.
SCDA-49067EAE484177EB,B25,,,verified,doi_or_scholarly_record,10.1108/09600030810882816,Frozen Stage-1 metadata title/abstract and bibliographic record,yes,abstract_only,include,,review,Reviewer A (AI-assisted),high,no,Substantive SCM scope supported by frozen title/abstract metadata; routed as review.
SCDA-FEC0AD016351537C,B25,,,verified,doi_or_scholarly_record,10.1002/csr.207,Frozen Stage-1 metadata title/abstract and bibliographic record,yes,abstract_only,include,,review,Reviewer A (AI-assisted),high,no,Substantive SCM scope supported by frozen title/abstract metadata; routed as review.
SCDA-A8C30B5987ADDFBA,B25,,,verified,doi_or_scholarly_record,10.1016/j.jclepro.2015.01.052,Frozen Stage-1 metadata title/abstract and bibliographic record,yes,abstract_only,include,,review,Reviewer A (AI-assisted),high,no,Substantive SCM scope supported by frozen title/abstract metadata; routed as review.
SCDA-7CFFDC5DF96D3B5C,B26,,,verified,doi_or_scholarly_record,10.1016/j.sca.2024.100075,Frozen Stage-1 metadata title/abstract and bibliographic record,yes,abstract_only,include,,review,Reviewer A (AI-assisted),high,no,Substantive SCM scope supported by frozen title/abstract metadata; routed as review.
SCDA-231720F0594638EE,B26,,,verified,doi_or_scholarly_record,10.1016/j.procs.2022.01.381,Frozen Stage-1 metadata title/abstract and bibliographic record,yes,abstract_only,include,,review,Reviewer A (AI-assisted),high,no,Substantive SCM scope supported by frozen title/abstract metadata; routed as review.
SCDA-4A8487A8DFF25C4C,B26,,,verified,doi_or_scholarly_record,10.1108/09574090710816931,Frozen Stage-1 metadata title/abstract and bibliographic record,yes,abstract_only,include,,review,Reviewer A (AI-assisted),high,no,Substantive SCM scope supported by frozen title/abstract metadata; routed as review.
SCDA-8ABED56ECA652297,B26,,,verified,doi_or_scholarly_record,10.1080/00207543.2017.1402140,Frozen Stage-1 metadata title/abstract and bibliographic record,yes,abstract_only,include,,review,Reviewer A (AI-assisted),high,no,Substantive SCM scope supported by frozen title/abstract metadata; routed as review.
SCDA-7E9372A5E4B6E5E9,B26,,,verified,doi_or_scholarly_record,10.1016/j.tre.2005.06.003,Frozen Stage-1 metadata title/abstract and bibliographic record,yes,metadata_only,include,,review,Reviewer A (AI-assisted),high,no,Substantive SCM scope supported by frozen title/abstract metadata; routed as review.
SCDA-539D493D0CD3B9C9,B26,,,verified,doi_or_scholarly_record,10.1007/s10479-022-04689-1,Frozen Stage-1 metadata title/abstract and bibliographic record,yes,metadata_only,include,,review,Reviewer A (AI-assisted),high,no,Substantive SCM scope supported by frozen title/abstract metadata; routed as review.
SCDA-1BD1280D4B0835AA,B26,,,verified,doi_or_scholarly_record,10.1016/j.techfore.2021.120717,Frozen Stage-1 metadata title/abstract and bibliographic record,yes,abstract_only,include,,review,Reviewer A (AI-assisted),high,no,Substantive SCM scope supported by frozen title/abstract metadata; routed as review.
SCDA-425B6FB7A9400C2D,B26,,,verified,doi_or_scholarly_record,10.1016/j.jclepro.2017.05.026,Frozen Stage-1 metadata title/abstract and bibliographic record,yes,metadata_only,include,,review,Reviewer A (AI-assisted),high,no,Substantive SCM scope supported by frozen title/abstract metadata; routed as review.
SCDA-21057A87A6D76986,B26,,,verified,doi_or_scholarly_record,10.1016/j.ejor.2017.04.009,Frozen Stage-1 metadata title/abstract and bibliographic record,yes,abstract_only,include,,review,Reviewer A (AI-assisted),high,no,Substantive SCM scope supported by frozen title/abstract metadata; routed as review.
SCDA-749C27ED39A51D9B,B27,,,verified,doi_or_scholarly_record,10.1002/bse.3990,Frozen Stage-1 metadata title/abstract and bibliographic record,yes,abstract_only,include,,review,Reviewer A (AI-assisted),high,no,Substantive SCM scope supported by frozen title/abstract metadata; routed as review.
SCDA-37266B25DC7E6C9C,B27,,,verified,doi_or_scholarly_record,10.3390/logistics2010002,Frozen Stage-1 metadata title/abstract and bibliographic record,yes,abstract_only,include,,review,Reviewer A (AI-assisted),high,no,Substantive SCM scope supported by frozen title/abstract metadata; routed as review.
