study_id,year,title,authors,venue,doi_or_stable_id,landmark_role,scda_anchor,status
L001,1997,"Information Distortion in a Supply Chain: The Bullwhip Effect","Lee; Padmanabhan; Whang","Management Science","10.1287/mnsc.43.4.546","Information distortion and coordination","information flow; planning; inventory/production decisions",verified
L002,1997,"What Is the Right Supply Chain for Your Product?","Fisher","Harvard Business Review","HBR 97205","Product-demand uncertainty and strategic supply-chain fit","strategic level; plan; service/cost; supply-chain design",verified
L003,2001,"Defining Supply Chain Management","Mentzer et al.","Journal of Business Logistics","10.1002/j.2158-1592.2001.tb00001.x","Construct definition, antecedents, consequences, boundaries","theory/management foundation; cross-organizational coordination",verified
L004,2003,"The effect of supply chain glitches on shareholder wealth","Hendricks; Singhal","Journal of Operations Management","10.1016/j.jom.2003.02.003","Real-world economic consequence of supply-chain disruption","risk flow; resilience precursor; observational evidence; financial outcome",verified
L005,2004,"Building the Resilient Supply Chain","Christopher; Peck","The International Journal of Logistics Management","10.1108/09574090410700275","Foundational resilience framing","risk; resilience; strategic/tactical management",verified
L006,2000,"The Value of Information Sharing in a Two-Level Supply Chain","Lee; So; Tang","Management Science","10.1287/mnsc.46.5.626.12047","Quantifies value of downstream demand information sharing","information flow; plan; inventory; analytical optimization/model",verified
L007,2004,"The Triple-A Supply Chain","Lee","Harvard Business Review","PMID:15559579","Agility, adaptability, and alignment as strategic supply-chain capabilities","strategic; flexibility/resilience precursor; organizational alignment",verified
L008,2018,"Collaborative planning, forecasting, and replenishment & firm performance: An empirical evaluation","Hill; Zhang; Miller","International Journal of Production Economics","10.1016/j.ijpe.2017.11.012","Empirical operational and financial consequences of CPFR adoption","plan; information/knowledge; service/cost; observational evidence",verified
L009,2019,"The impact of digital technology and Industry 4.0 on the ripple effect and supply chain risk analytics","Ivanov; Dolgui; Sokolov","International Journal of Production Research","10.1080/00207543.2018.1488086","Connects digitalization, analytics and disruption-risk control","risk/information flows; resilience; digital technology; analytics",verified
L010,2019,"Blockchain technology and its relationships to sustainable supply chain management","Saberi; Kouhizadeh; Sarkis; Shen","International Journal of Production Research","10.1080/00207543.2018.1533261","Connects blockchain affordances, adoption barriers and sustainable SCM","trust; sustainability; blockchain; organizational/technical barriers",verified
L011,2020,"Viable supply chain model: integrating agility, resilience and sustainability perspectives—lessons from and thinking beyond the COVID-19 pandemic","Ivanov","Annals of Operations Research","10.1007/s10479-020-03640-6","Introduces supply-chain viability spanning agility, resilience and sustainability","strategic/tactical; resilience/sustainability; structural adaptation",verified
L012,2020,"A digital supply chain twin for managing the disruption risks and resilience in the era of Industry 4.0","Ivanov; Dolgui","Production Planning & Control","10.1080/09537287.2020.1768450","Formalizes digital supply-chain twin for disruption-risk decisions","real-time; risk/information; resilience; digital twin; model/data integration",verified
