claim_id,pilot_id,focal_claim,level,process,flow,objective,theory,method,technology,evidence,industry,confidence,source_basis
C001,P001,"Order information distortion amplifies upstream variability and affects production/inventory decisions",tactical,plan,information,cost,,analytical,none,analytical,general,certain,"Publisher abstract"
C002,P001,"Four operational causes explain bullwhip and motivate mitigation actions",tactical,plan,information,cost,,analytical,none,analytical,general,certain,"Publisher abstract"
C003,P002,"Sharing downstream demand information can improve two-level supply-chain decisions",tactical,plan,information,cost,,analytical,none,analytical,general,certain,"Publisher abstract explicitly states analytical models"
C004,P003,"Publicly announced production/shipment glitches are associated with shareholder-value loss",strategic,recover,risk,performance,,statistics,none,observational,general,certain,"Publisher abstract; 519 announcements and abnormal-return analysis"
C005,P004,"Supply-chain vulnerability can be mitigated by building resilience",strategic,recover,risk,resilience,,conceptual,none,conceptual,general,probable,"Publisher abstract; process mapping remains interpretive"
C006,P005,"Digitalisation and Industry 4.0 reshape disruption-risk control analytics and ripple-effect research",strategic,recover,risk,resilience,,conceptual,digital technology,case-informed conceptual,general,certain,"Publisher abstract explicitly says literature/case-studies plus conceptual and risk-analytics frameworks"
C007,P006,"Blockchain and smart contracts have potential sustainability applications but face adoption barriers",strategic,enable,information,sustainability,,conceptual,blockchain,conceptual,general,certain,"Publisher abstract calls technology early-stage and proposes future research"
C008,P007,"Supply-chain viability integrates agility resilience and sustainability through adaptable structural designs",strategic,recover,risk,viability,,theory-building,none,conceptual,general,certain,"Open full text/abstract explicitly says theorize a new notion"
C009,P008,"A digital supply-chain twin integrates model-based and data-driven approaches for disruption-risk decision support",real-time/autonomous,recover,risk,resilience,digital supply chain,conceptual,digital twin,conceptual,general,probable,"Publisher abstract; real-time representation explicit, theory label requires caution"
