claim_id,study_id,record_id,claim_text,source_basis,source_location,L,P,F,O,T,M,G,V,I,discipline,source_identifier,coder,confidence,adjudication_status,notes
C0001,SCDA-2D88D43AA4596F0B,SCDA-2D88D43AA4596F0B,"Best-value supply chains pursue integrated cost, quality, speed, and flexibility priorities and use SCM strategically for competitive advantage.",Publisher full text,Abstract; Best value and traditional supply chains,Strategic,Plan,Material,Flexibility,Organization theory,Conceptual,None,Conceptual,General,Operations/Supply Chain Management,10.1016/j.jom.2006.05.010,Reviewer A (AI-assisted),high,no,Objective coded Flexibility as primary; other explicit priorities retained in claim text.
C0002,SCDA-0C8CFE7856BA08C5,SCDA-0C8CFE7856BA08C5,Most examined uncertainty dimensions negatively affect supply-chain resilience; the study tests information sharing as a moderator.,Publisher full text,Abstract,Tactical,Plan,Information,Resilience,,Statistics,None,Observational,Manufacturing,Supply Chain Management,10.3390/su16010131,Reviewer A (AI-assisted),high,no,SEM on 244 internationally operating manufacturing firms in Turkey.
C0003,SCDA-19541B481311CD5E,SCDA-19541B481311CD5E,"Effective information sharing significantly enhances supply-chain practice, and both are critical to supply-chain performance.",Publisher full text,Abstract,Tactical,Enable,Information,Service,,Statistics,None,Observational,Manufacturing,Operations/Supply Chain Management,10.1016/j.jom.2007.01.009,Reviewer A (AI-assisted),high,no,Survey data from 125 North American manufacturing firms.
C0004,SCDA-75789FE57178638D,SCDA-75789FE57178638D,"Contractual and relational governance positively affect supply-chain resilience, with collaboration partially mediating and institutional environment moderating these effects.",Publisher full text,Abstract; Discussion sections 6.1-6.2,Strategic,Enable,Risk,Resilience,Institutional theory,Statistics,None,Observational,Manufacturing,Purchasing/Supply Chain Management,10.1016/j.pursup.2023.100817,Reviewer A (AI-assisted),high,no,Questionnaire data from 358 Chinese manufacturing companies.
C0005,SCDA-CBCA9930F0DC220E,SCDA-CBCA9930F0DC220E,"Perceived usefulness, attitude, and perceived behavioural control affect behavioural intention to adopt blockchain in supply chains.",Publisher full text,Abstract,Strategic,Enable,Information,Trust,TAM; TRI; TPB,Statistics,Blockchain,Observational,"Supply-chain practitioners, India",Technology/Supply Chain Management,10.1080/00207543.2018.1518610,Reviewer A (AI-assisted),high,no,SEM survey of 181 practitioners; theories explicitly declared.
C0006,SCDA-8A24217DA1983EE1,SCDA-8A24217DA1983EE1,"Supply-related pharmaceutical risks should be prioritized over operational, financial, and demand-related risks in the studied setting.",Publisher full text,Purpose; Method; Findings,Tactical,Source,Risk,Resilience,,Empirical,None,Case study,"Pharmaceutical, Bangladesh",Supply Chain Risk Management,10.1108/IMDS-10-2017-0465,Reviewer A (AI-assisted),high,no,Delphi plus AHP; experts from five pharmaceutical companies.
C0007,SCDA-7A4838ADFC516866,SCDA-7A4838ADFC516866,Public announcements of supply-chain glitches involving production or shipment delays are associated with a 10.28% abnormal decrease in shareholder value.,Publisher full text,Abstract,Operational,Deliver,Financial,Cost,,Statistics,None,Observational,General firms,Operations/Supply Chain Management,10.1016/j.jom.2003.02.003,Reviewer A (AI-assisted),high,no,"Event study of 519 glitch announcements, 1989-2000."
C0008,SCDA-E3788130A0D273F9,SCDA-E3788130A0D273F9,Intertwined supply-network viability extends resilience analysis toward survivability at a system-wide scale and defines a novel decision-making environment.,Publisher full text,Abstract,Strategic,Plan,Risk,Resilience,,Conceptual,None,Conceptual,General / COVID-19,Operations/Supply Chain Management,10.1080/00207543.2020.1750727,Reviewer A (AI-assisted),high,no,Position paper; dynamic game-theoretic illustration does not by itself elevate evidence maturity beyond conceptual.
C0009,SCDA-41CA547D57FC10EE,SCDA-41CA547D57FC10EE,"Under increasing turbulence, supply chains require structural flexibility and flexible design options rather than models premised mainly on stability and control.",Publisher full text,Purpose; Findings; Practical implications,Strategic,Plan,Risk,Flexibility,,Empirical,None,Case study,General,Logistics/Supply Chain Management,10.1108/09600031111101439,Reviewer A (AI-assisted),high,no,Supply Chain Volatility Index plus case-study evidence.
C0010,SCDA-07E9AACB161C3713,SCDA-07E9AACB161C3713,"Global companies emphasize different social, environmental, and economic responsibility themes upstream and downstream according to industry, size, and geography.",Publisher full text,Abstract,Strategic,Enable,Carbon,Sustainability,Institutional pressure,Statistics,None,Observational,Cross-industry global,Sustainable Supply Chain Management,10.1111/j.1745-493x.2009.03184.x,Reviewer A (AI-assisted),high,no,Content analysis of CSR reports from 100 companies.
C0011,SCDA-65A47BF23E8BCE0D,SCDA-65A47BF23E8BCE0D,A system-dynamics representation of global PPE supply chains can identify leverage points and mitigation strategies for pandemic disruptions.,Publisher full text,Purpose,Tactical,Plan,Material,Resilience,,Simulation,None,Simulation,Healthcare/PPE,Operations/Supply Chain Management,10.1108/ijopm-09-2021-0608,Reviewer A (AI-assisted),high,no,Conceptual SD model informed by literature and empirical interviews; maturity coded Simulation for the evaluated model.
C0012,SCDA-20FF861DC2FDFAE3,SCDA-20FF861DC2FDFAE3,RFID use in supply-chain management may create and sustain competitive advantage through organizational learning and first-mover mechanisms.,Publisher full text,Abstract,Strategic,Enable,Information,Service,Organizational learning; first-mover advantage,Conceptual,RFID,Conceptual,General,Purchasing/Supply Chain Management,10.1016/j.pursup.2007.11.001,Reviewer A (AI-assisted),high,no,Theory-building paper with four propositions.
C0013,SCDA-6ACBDB15D0AE49D3,SCDA-6ACBDB15D0AE49D3,Sixteen barriers to circular supply-chain adoption in India exhibit structured interdependencies that can be analyzed with ISM-MICMAC to support implementation priorities.,Publisher/accepted manuscript,Abstract,Strategic,Recover,Material,Sustainability,,Empirical,None,Case study,"Manufacturing, India",Circular Supply Chain Management,10.1080/09537287.2018.1449265,Reviewer A (AI-assisted),high,no,Literature plus expert feedback; ISM-MICMAC analysis.
C0014,SCDA-33E89B8C9B87A6B8,SCDA-33E89B8C9B87A6B8,Integrated supply-chain management aligns sourcing decisions with manufacturing goals to improve responsiveness to customer needs.,Publisher full text,Abstract,Tactical,Source,Material,Service,,Statistics,None,Observational,"Manufacturing, North America",Operations/Supply Chain Management,10.1111/j.1540-5915.1998.tb01355.x,Reviewer A (AI-assisted),high,no,SEM on 215 North American manufacturing firms.
C0015,SCDA-3E6D580320CE0756,SCDA-3E6D580320CE0756,"Supply-chain risk management addresses risks arising from interconnected material, information, and financial flows and seeks resilient supply chains through risk-management practices.",Repository full text,Chapter opening/abstract,Strategic,Plan,Risk,Resilience,,Conceptual,None,Conceptual,General,Supply Chain Risk Management,10.1007/978-0-387-79934-6_17,Reviewer A (AI-assisted),high,no,Open repository chapter; primary flow coded Risk while claim retains the explicit interconnected flows.
