id,year,domain,review_or_framework,corpus_size,organizing_logic,decision_dimension,theory_dimension,method_dimension,technology_dimension,evidence_maturity,industry_dimension,principal_value,limitation_for_cross_field_integration,doi
G001,2000,General SCM,"Croom, Romano and Giannakis",,"content and research methodology",partial,partial,yes,limited,no,partial,"Early critical categorization of SCM literature","Predates digital and AI eras; no explicit evidence-maturity axis","10.1016/S0969-7012(99)00030-1"
G002,2001,General SCM,"Tan",,"two historical literature paths and SCM strategies",partial,partial,partial,limited,no,partial,"Explains convergence of purchasing and logistics into SCM","Historical/strategic framework rather than common empirical coding architecture","10.1016/S0969-7012(00)00020-4"
G003,2008,Sustainable SCM,"Seuring and Muller",191,"triggers and two sustainable-SCM strategies",partial,partial,partial,limited,no,partial,"Foundational sustainable-SCM conceptual framework","Domain-specific sustainability lens","10.1016/j.jclepro.2008.04.020"
G004,2018,Supply-chain resilience,"systematic review and typological framework",228,"context-intervention-mechanism-outcome (CIMO)",partial,yes,partial,limited,partial,partial,"Links resilience capabilities to mechanisms and outcomes","Resilience-specific rather than field-wide architecture","10.1108/IJPDLM-02-2017-0099"
G005,2018,Digital supply chain,"Digital Supply Chain review",, "digital technologies and development framework",partial,partial,partial,yes,no,partial,"Roadmap for digital-SCM research and practice","Technology/digital-transformation centered","10.1016/j.compind.2018.02.010"
G006,2022,Digital supply chain,"Digital supply chain blueprint",107,"strategies; enablers; processes; data/analytics; flows; features",partial,partial,yes,yes,no,partial,"Layered DSC blueprint","Digital-SCM scope; evidence maturity not explicit","10.1016/j.techfore.2022.121976"
G007,2024,Digital twins,"Digital twins for logistics and supply chain systems",,"DT methodologies; techniques; conceptual framework",yes,partial,yes,yes,partial,partial,"Decision-oriented DT conceptualization","Digital-twin-specific","10.1016/j.cie.2023.109768"
G008,2024,Digital twins,"Unlocking the potential of digital twins in supply chains",129,"manufacturing/production; supply chain; logistics plus three-layer framework",partial,partial,yes,yes,partial,yes,"Integrated DT implementation framework","Technology-specific; pilot-heavy literature","10.1016/j.sca.2024.100075"
G009,2025,AI/ML in SCM,"IEEE Access AI-SCM systematic review",109,"five bibliometric/text clusters",yes,limited,yes,yes,partial,partial,"Maps AI/ML techniques to SCM scenarios and future directions","AI/ML-specific and high-level application synthesis","10.1109/ACCESS.2025.3603866"
G010,2025,Digital twins in circular SCM,"TCCM-based DT-CSCM review",109,"Theory-Context-Characteristics-Method plus six clusters",partial,yes,yes,yes,partial,yes,"Strong theory mapping and thematic synthesis","Circular/DT-specific","10.1002/bse.70038"
G011,2026,EV supply chains,"IEEE TEM EV supply-chain review",501,"six themes and five cross-cutting challenges",yes,partial,yes,yes,partial,yes,"Large cross-disciplinary TEM synthesis and integrated agenda","EV-domain-specific","10.1109/TEM.2026.3679958"
G012,2026,Real-time DT SCM/logistics,"Tolia and Ponis",,"decision problem; context; method; technology; challenges",yes,limited,yes,yes,partial,yes,"Explicit real-time decision orientation","Digital-twin and real-time scope","10.3390/info17080732"
G013,2026,Supply-chain digital twins,"maturity assessment framework",47,"SCOR process; modeling scope; decision capability; data integration/deployment",yes,limited,partial,yes,yes,partial,"Maturity benchmarking tied to SCOR","Digital-twin-specific and small application corpus","10.1080/13675567.2026.2691406"
