record_id,openalex_id,doi,title,year,search_family,stage,decision,exclusion_reason,study_type,fulltext_status,reviewer,confidence,adjudication_required,notes
SCDA-E1516FCC191DC8A9,https://openalex.org/W1511782532,,Logistical Management: The Integrated Supply Chain Process,1974,O002,title_abstract,exclude,E04,other,,Reviewer A (AI-assisted),high,no,Book/table-of-contents style record; not a peer-reviewed study on available evidence.
SCDA-A9C2791787D59DA7,https://openalex.org/W2023044149,10.1108/eum0000000000329,Integrating the Supply Chain,1989,O002,title_abstract,include,,primary,,Reviewer A (AI-assisted),high,no,Substantive SCM integration/material-flow decision content.
SCDA-34472BFA6F495545,https://openalex.org/W2035413038,10.1108/95740939080001276,"Supply Chain Management, Partnership, and the Shipper ‐ Third Party Relationship",1990,O001,title_abstract,include,,primary,,Reviewer A (AI-assisted),high,no,SCM partnership/third-party relationship study.
SCDA-4E07885F233F8079,https://openalex.org/W2055403229,10.1108/09600039110002225,New Strategic Tools for Supply Chain Management,1991,O001,title_abstract,include,,primary,,Reviewer A (AI-assisted),high,no,Substantive strategic SCM tools/decision content.
SCDA-0FFBA7086C9C3FBD,https://openalex.org/W2049515156,10.1108/09600039110137082,Supply‐Chain Management: The Industrial Organisation Perspective,1991,O001,title_abstract,include,,primary,,Reviewer A (AI-assisted),high,no,SCM theoretical perspective; retain for framework/theory layer.
SCDA-D06211879EB2A7A1,https://openalex.org/W2054315587,10.1108/09574099310804957,Characteristics of Supply Chain Management and the Implications for Purchasing and Logistics Strategy,1993,O001;O002,title_abstract,include,,primary,,Reviewer A (AI-assisted),high,no,Purchasing/logistics strategy and SCM characteristics.
SCDA-905A4787A9B70A04,https://openalex.org/W2029272711,10.1287/opre.41.5.835,Material Management in Decentralized Supply Chains,1993,O002,title_abstract,include,,primary,,Reviewer A (AI-assisted),high,no,Decentralized material-management decision/model.
SCDA-F8D3F38F2B78AA01,https://openalex.org/W638012508,,Logistics & Supply Chain Management,1994,O001,title_abstract,exclude,E04,other,,Reviewer A (AI-assisted),high,no,Book/table-of-contents style record.
SCDA-948FC629F1614CE0,https://openalex.org/W2800296843,10.2307/2583864,Logistics and Supply Chain Management: Strategies for Reducing Costs and Improving Services.,1994,O001;O002,title_abstract,exclude,E04,other,,Reviewer A (AI-assisted),high,no,Book/table-of-contents style record.
SCDA-D68A21C52181B5D4,https://openalex.org/W2167886773,10.1287/inte.25.1.69,Global Supply Chain Management at Digital Equipment Corporation,1995,O001,title_abstract,include,,primary,,Reviewer A (AI-assisted),high,no,Global manufacturing/distribution/vendor-network decision model.
SCDA-C435347EC4434316,https://openalex.org/W2028577158,10.1108/13598549610155260,A transaction cost approach to supply chain management,1996,O001,title_abstract,include,,primary,,Reviewer A (AI-assisted),high,no,Transaction-cost approach to SCM; substantive theory/organization decision content.
SCDA-9B53C0DDA5E38B0C,https://openalex.org/W2080175412,10.1016/s0272-6963(96)00091-5,An exploration of supplier selection practices across the supply chain,1996,O002,title_abstract,include,,primary,,Reviewer A (AI-assisted),high,no,Empirical supplier-selection practice study.
SCDA-6DE86D85A995383D,https://openalex.org/W1974403532,10.1016/0377-2217(96)00098-7,Coordinated supply chain management,1996,O001;O002,title_abstract,uncertain,,,,Reviewer A (AI-assisted),low,yes,Title is relevant but abstract is absent; additional source evidence required.
SCDA-CEA447F444343728,https://openalex.org/W2038473164,10.1108/01443579610109910,Squaring lean supply with supply chain management,1996,O001,title_abstract,include,,primary,,Reviewer A (AI-assisted),high,no,Lean supply/SCM comparison with substantive purchasing/supply practices.
SCDA-D17F51213A1DAD5C,https://openalex.org/W2011994420,10.1111/j.1467-8551.1996.tb00148.x,"Supply Chain Management: Relationships, Chains and Networks",1996,O001;O002,title_abstract,include,,review,,Reviewer A (AI-assisted),high,no,Conceptual definitions/relationships/chains/networks; retain in review/framework layer.
SCDA-7898E5F5056F9EC2,https://openalex.org/W1997045574,10.1111/j.1467-8551.1996.tb00147.x,The Environment as a Supply Chain Management Issue,1996,O001,title_abstract,include,,primary,,Reviewer A (AI-assisted),high,no,Environmental purchasing/SCM management decisions.
SCDA-7889249866B54DC2,https://openalex.org/W2104925392,10.1287/mnsc.43.4.546,Information Distortion in a Supply Chain: The Bullwhip Effect,1997,O002,title_abstract,include,,primary,,Reviewer A (AI-assisted),high,no,Bullwhip/information-distortion SCM study.
SCDA-2232BC28F67A49EA,https://openalex.org/W2025073190,10.1108/09574099710805565,Supply Chain Management: A Strategic Perspective,1997,O001,title_abstract,include,,review,,Reviewer A (AI-assisted),high,no,Critical strategic-perspective review; retain in review/framework layer.
SCDA-5D3CADC5D6E82115,https://openalex.org/W1998854584,10.1108/09574099710805556,Supply Chain Management: More Than a New Name for Logistics,1997,O001;O002,title_abstract,include,,review,,Reviewer A (AI-assisted),high,no,Conceptual SCM-versus-logistics framing; retain in review/framework layer.
SCDA-50AA9ACEF61C86DD,https://openalex.org/W2177895527,,The Bullwhip Effect In Supply Chains 1,1997,O002,title_abstract,include,,primary,,Reviewer A (AI-assisted),high,no,Bullwhip/order-variability SCM phenomenon.
SCDA-0FBB26284C6EE6A4,https://openalex.org/W122374401,,What is the Right Supply Chain for Your Product,1997,O002,title_abstract,uncertain,,,,Reviewer A (AI-assisted),low,yes,Highly relevant title but no abstract in retrieved record; source check required.
SCDA-2922321021576FE5,https://openalex.org/W2023558054,10.1108/13598549810215379,An empirical investigation into supply chain management: a perspective on partnerships,1998,O001;O002,title_abstract,include,,primary,,Reviewer A (AI-assisted),high,no,Empirical SCM partnership investigation.
SCDA-33E89B8C9B87A6B8,https://openalex.org/W2121164303,10.1111/j.1540-5915.1998.tb01355.x,Causal Linkages in Supply Chain Management: An Exploratory Study of North American Manufacturing Firms,1998,O001,title_abstract,include,,primary,,Reviewer A (AI-assisted),high,no,Empirical causal-linkage SCM study.
SCDA-82A085767F7BA70C,https://openalex.org/W1512606196,,Introduction to Supply Chain Management,1998,O001;O002,title_abstract,exclude,E04,other,,Reviewer A (AI-assisted),high,no,Book/table-of-contents style record.
SCDA-4A8C0262D1138A18,https://openalex.org/W2115721093,10.1111/j.1540-5915.1998.tb01356.x,Modeling Supply Chain Dynamics: A Multiagent Approach*,1998,O002,title_abstract,include,,primary,,Reviewer A (AI-assisted),high,no,Multiagent supply-chain dynamics/reengineering model.
SCDA-A0BB2CA27E6EB57E,https://openalex.org/W2009964025,10.2307/41165933,Strategic Supplier Segmentation: The Next “Best Practice” in Supply Chain Management,1998,O001,title_abstract,include,,primary,,Reviewer A (AI-assisted),high,no,Strategic supplier-segmentation decision content.
SCDA-FA7129D458C280B8,https://openalex.org/W1965703329,10.1108/09574099810805807,Supply Chain Management: Implementation Issues and Research Opportunities,1998,O001;O002,title_abstract,include,,review,,Reviewer A (AI-assisted),high,no,SCM implementation/research-opportunities synthesis; retain review layer.
SCDA-096845C47656A66A,https://openalex.org/W2576819504,,Supply Chain Management: Supplier Performance and Firm Performance,1998,O001,title_abstract,include,,primary,,Reviewer A (AI-assisted),high,no,Empirical SCM practices/supplier/firm performance study.
SCDA-51C2B689C39FDF07,https://openalex.org/W1535700698,10.1016/s0925-5273(98)00079-6,Supply chain design and analysis:,1998,O002,title_abstract,uncertain,,,,Reviewer A (AI-assisted),low,yes,Relevant title but insufficient retrieved evidence to determine study type/content.
SCDA-E862C782DD356566,https://openalex.org/W2049588579,10.1108/02635579910243851,Defining supply chain management: a historical perspective and practical guidelines,1999,O001,title_abstract,include,,review,,Reviewer A (AI-assisted),high,no,Historical/conceptual SCM definition and guidelines; retain review layer.
SCDA-4E3B9E7252C23C15,https://openalex.org/W1989495235,10.1108/09576059910284159,Designing the green supply chain,1999,O002,title_abstract,include,,primary,,Reviewer A (AI-assisted),high,no,Green supply-chain design decision content.
SCDA-ED89568A4B1A8039,https://openalex.org/W2133592506,10.1016/s0925-5273(98)00223-0,Leagility: Integrating the lean and agile manufacturing paradigms in the total supply chain,1999,O002,title_abstract,uncertain,,,,Reviewer A (AI-assisted),low,yes,Relevant title but no abstract in retrieved record; source check required.
SCDA-8609B7320FD963F7,https://openalex.org/W2093111169,10.1108/01443579910249714,Measuring supply chain performance,1999,O002,title_abstract,include,,review,,Reviewer A (AI-assisted),high,no,Supply-chain performance-measure overview/evaluation; retain review layer.
SCDA-0F44EF537B9272D6,https://openalex.org/W2077757280,10.1108/13598549910284480,"Power, value and supply chain management",1999,O001;O002,title_abstract,include,,review,,Reviewer A (AI-assisted),medium,no,Conceptual/case-linked SCM power/value framing; retain review layer.
SCDA-AAE0811B51F5BDCB,https://openalex.org/W1603127832,10.1007/978-1-4615-4949-9,Quantitative Models for Supply Chain Management,1999,O001;O002,title_abstract,uncertain,,,,Reviewer A (AI-assisted),low,yes,Relevant title but no abstract; source/type verification required.
SCDA-F256D53DC392F90F,https://openalex.org/W2135654940,10.1287/mnsc.45.1.16,Value of Information in Capacitated Supply Chains,1999,O002,title_abstract,include,,primary,,Reviewer A (AI-assisted),high,no,Information-value model in capacitated supply chains.
SCDA-0060B238142D0C73,https://openalex.org/W1563720478,10.1108/ijqrm.2000.17.7.812.1,"Designing and Managing the Supply Chain Concepts, Strategies, and Case Studies",2000,O002,title_abstract,exclude,E04,other,,Reviewer A (AI-assisted),high,no,Book record on available metadata.
SCDA-8466B89CB8CB186E,https://openalex.org/W1485443335,,"Designing and managing the supply chain : concepts, strategies, and case studies",2000,O002,title_abstract,exclude,E04,other,,Reviewer A (AI-assisted),high,no,Book/table-of-contents style record.
SCDA-2FBC776357E1D781,https://openalex.org/W2016200104,10.1111/1467-9523.00158,Food Supply Chain Approaches: Exploring their Role in Rural Development,2000,O002,title_abstract,include,,primary,,Reviewer A (AI-assisted),high,no,Food supply-chain approach with explicit theoretical/rural-development analysis.
SCDA-BA5B8D6B0FDDFB3A,https://openalex.org/W2128074223,10.1504/ijmtm.2000.001329,Information sharing in a supply chain,2000,O002,title_abstract,include,,primary,,Reviewer A (AI-assisted),high,no,Information-sharing supply-chain study.
